FIPS,county_name,state,hs_grad_rate
1001,autauga-county-al,al,0.9
1003,baldwin-county-al,al,0.86
1005,barbour-county-al,al,0.81
1007,bibb-county-al,al,0.84
1009,blount-county-al,al,0.93
1011,bullock-county-al,al,0.7
1013,butler-county-al,al,0.82
1015,calhoun-county-al,al,0.92
1017,chambers-county-al,al,0.86
1019,cherokee-county-al,al,0.95
1021,chilton-county-al,al,0.88
1023,choctaw-county-al,al,0.79
1025,clarke-county-al,al,0.91
1027,clay-county-al,al,0.9
1029,cleburne-county-al,al,0.98
1031,coffee-county-al,al,0.93
1033,colbert-county-al,al,0.92
1035,conecuh-county-al,al,0.8
1037,coosa-county-al,al,0.83
1039,covington-county-al,al,0.95
1041,crenshaw-county-al,al,0.89
1043,cullman-county-al,al,0.91
1045,dale-county-al,al,0.9
1047,dallas-county-al,al,0.86
1049,dekalb-county-al,al,0.93
1051,elmore-county-al,al,0.86
1053,escambia-county-al,al,0.88
1055,etowah-county-al,al,0.9
1057,fayette-county-al,al,0.92
1059,franklin-county-al,al,0.92
1061,geneva-county-al,al,0.9
1063,greene-county-al,al,0.78
1065,hale-county-al,al,0.91
1067,henry-county-al,al,0.98
1069,houston-county-al,al,0.91
1071,jackson-county-al,al,0.9
1073,jefferson-county-al,al,0.89
1075,lamar-county-al,al,0.94
1077,lauderdale-county-al,al,0.94
1079,lawrence-county-al,al,0.88
1081,lee-county-al,al,0.91
1083,limestone-county-al,al,0.92
1085,lowndes-county-al,al,0.91
1087,macon-county-al,al,0.8
1089,madison-county-al,al,0.93
1091,marengo-county-al,al,0.91
1093,marion-county-al,al,0.9
1095,marshall-county-al,al,0.92
1097,mobile-county-al,al,0.84
1099,monroe-county-al,al,0.88
1101,montgomery-county-al,al,0.82
1103,morgan-county-al,al,0.9
1105,perry-county-al,al,0.93
1107,pickens-county-al,al,0.98
1109,pike-county-al,al,0.87
1111,randolph-county-al,al,0.92
1113,russell-county-al,al,0.88
1115,st.-clair-county-al,al,0.94
1117,shelby-county-al,al,0.88
1119,sumter-county-al,al,0.77
1121,talladega-county-al,al,0.93
1123,tallapoosa-county-al,al,0.9
1125,tuscaloosa-county-al,al,0.89
1127,walker-county-al,al,0.9
1129,washington-county-al,al,0.93
1131,wilcox-county-al,al,0.83
1133,winston-county-al,al,0.93
2013,aleutians-east-borough-ak,ak,0.89
2016,aleutians-west-census-area-ak,ak,0.91
2020,anchorage-municipality-ak,ak,0.81
2050,bethel-census-area-ak,ak,0.62
2060,bristol-bay-borough-ak,ak,0.85
2068,denali-borough-ak,ak,0.65
2070,dillingham-census-area-ak,ak,0.67
2090,fairbanks-north-star-borough-ak,ak,0.74
2100,haines-borough-ak,ak,0.78
2105,hoonah-angoon-census-area-ak,ak,0.91
2110,juneau-city-and-borough-ak,ak,0.83
2122,kenai-peninsula-borough-ak,ak,0.85
2130,ketchikan-gateway-borough-ak,ak,0.84
2150,kodiak-island-borough-ak,ak,0.86
2158,kusilvak-county-ak,ak,0.62
2164,lake-and-peninsula-borough-ak,ak,0.6
2170,matanuska-susitna-borough-ak,ak,0.83
2180,nome-census-area-ak,ak,0.75
2185,north-slope-borough-ak,ak,0.68
2188,northwest-arctic-borough-ak,ak,0.76
2195,petersburg-census-area-ak,ak,0.9
2198,prince-of-wales-hyder-census-area-ak,ak,0.77
2220,sitka-city-and-borough-ak,ak,0.87
2230,skagway-municipality-ak,ak,0.5
2240,southeast-fairbanks-census-area-ak,ak,0.77
2261,valdez-cordova-census-area-ak,ak,0.67
2275,wrangell-city-and-borough-ak,ak,0.9
2282,yakutat-city-and-borough-ak,ak,0.7
2290,yukon-koyukuk-census-area-ak,ak,0.67
4001,apache-county-az,az,0.73
4003,cochise-county-az,az,0.88
4005,coconino-county-az,az,0.82
4007,gila-county-az,az,0.75
4009,graham-county-az,az,0.86
4011,greenlee-county-az,az,0.9
4012,la-paz-county-az,az,0.84
4013,maricopa-county-az,az,0.78
4015,mohave-county-az,az,0.78
4017,navajo-county-az,az,0.78
4019,pima-county-az,az,0.73
4021,pinal-county-az,az,0.81
4023,santa-cruz-county-az,az,0.9
4025,yavapai-county-az,az,0.82
4027,yuma-county-az,az,0.89
5001,arkansas-county-ar,ar,0.82
5003,ashley-county-ar,ar,0.9
5005,baxter-county-ar,ar,0.86
5007,benton-county-ar,ar,0.9
5009,boone-county-ar,ar,0.93
5011,bradley-county-ar,ar,0.9
5013,calhoun-county-ar,ar,0.92
5015,carroll-county-ar,ar,0.82
5017,chicot-county-ar,ar,0.87
5019,clark-county-ar,ar,0.84
5021,clay-county-ar,ar,0.93
5023,cleburne-county-ar,ar,0.92
5025,cleveland-county-ar,ar,0.96
5027,columbia-county-ar,ar,0.91
5029,conway-county-ar,ar,0.86
5031,craighead-county-ar,ar,0.93
5033,crawford-county-ar,ar,0.9
5035,crittenden-county-ar,ar,0.89
5037,cross-county-ar,ar,0.92
5039,dallas-county-ar,ar,0.87
5041,desha-county-ar,ar,0.87
5043,drew-county-ar,ar,0.88
5045,faulkner-county-ar,ar,0.93
5047,franklin-county-ar,ar,0.97
5049,fulton-county-ar,ar,0.98
5051,garland-county-ar,ar,0.85
5053,grant-county-ar,ar,0.89
5055,greene-county-ar,ar,0.96
5057,hempstead-county-ar,ar,0.82
5059,hot-spring-county-ar,ar,0.92
5061,howard-county-ar,ar,0.97
5063,independence-county-ar,ar,0.88
5065,izard-county-ar,ar,0.97
5067,jackson-county-ar,ar,0.89
5069,jefferson-county-ar,ar,0.81
5071,johnson-county-ar,ar,0.91
5073,lafayette-county-ar,ar,0.93
5075,lawrence-county-ar,ar,0.89
5077,lee-county-ar,ar,0.8
5079,lincoln-county-ar,ar,0.95
5081,little-river-county-ar,ar,0.85
5083,logan-county-ar,ar,0.92
5085,lonoke-county-ar,ar,0.91
5087,madison-county-ar,ar,0.88
5089,marion-county-ar,ar,0.92
5091,miller-county-ar,ar,0.87
5093,mississippi-county-ar,ar,0.87
5095,monroe-county-ar,ar,0.9
5097,montgomery-county-ar,ar,0.93
5099,nevada-county-ar,ar,0.93
5101,newton-county-ar,ar,0.8
5103,ouachita-county-ar,ar,0.91
5105,perry-county-ar,ar,0.91
5107,phillips-county-ar,ar,0.86
5109,pike-county-ar,ar,0.87
5111,poinsett-county-ar,ar,0.82
5113,polk-county-ar,ar,0.9
5115,pope-county-ar,ar,0.91
5117,prairie-county-ar,ar,0.88
5119,pulaski-county-ar,ar,0.8
5121,randolph-county-ar,ar,0.93
5123,st.-francis-county-ar,ar,0.93
5125,saline-county-ar,ar,0.86
5127,scott-county-ar,ar,0.97
5129,searcy-county-ar,ar,0.88
5131,sebastian-county-ar,ar,0.92
5133,sevier-county-ar,ar,0.98
5135,sharp-county-ar,ar,0.81
5137,stone-county-ar,ar,0.95
5139,union-county-ar,ar,0.88
5141,van-buren-county-ar,ar,0.93
5143,washington-county-ar,ar,0.87
5145,white-county-ar,ar,0.86
5147,woodruff-county-ar,ar,0.9
5149,yell-county-ar,ar,0.87
6001,alameda-county-ca,ca,0.87
6003,alpine-county-ca,ca,
6005,amador-county-ca,ca,0.88
6007,butte-county-ca,ca,0.85
6009,calaveras-county-ca,ca,0.9
6011,colusa-county-ca,ca,0.89
6013,contra-costa-county-ca,ca,0.88
6015,del-norte-county-ca,ca,0.81
6017,el-dorado-county-ca,ca,0.89
6019,fresno-county-ca,ca,0.81
6021,glenn-county-ca,ca,0.82
6023,humboldt-county-ca,ca,0.84
6025,imperial-county-ca,ca,0.85
6027,inyo-county-ca,ca,0.4
6029,kern-county-ca,ca,0.86
6031,kings-county-ca,ca,0.8
6033,lake-county-ca,ca,0.78
6035,lassen-county-ca,ca,0.86
6037,los-angeles-county-ca,ca,0.82
6039,madera-county-ca,ca,0.83
6041,marin-county-ca,ca,0.87
6043,mariposa-county-ca,ca,0.86
6045,mendocino-county-ca,ca,0.84
6047,merced-county-ca,ca,0.88
6049,modoc-county-ca,ca,0.86
6051,mono-county-ca,ca,0.36
6053,monterey-county-ca,ca,0.85
6055,napa-county-ca,ca,0.87
6057,nevada-county-ca,ca,0.5
6059,orange-county-ca,ca,0.89
6061,placer-county-ca,ca,0.9
6063,plumas-county-ca,ca,0.81
6065,riverside-county-ca,ca,0.89
6067,sacramento-county-ca,ca,0.81
6069,san-benito-county-ca,ca,0.9
6071,san-bernardino-county-ca,ca,0.83
6073,san-diego-county-ca,ca,0.81
6075,san-francisco-county-ca,ca,0.71
6077,san-joaquin-county-ca,ca,0.82
6079,san-luis-obispo-county-ca,ca,0.92
6081,san-mateo-county-ca,ca,0.88
6083,santa-barbara-county-ca,ca,0.87
6085,santa-clara-county-ca,ca,0.85
6087,santa-cruz-county-ca,ca,0.82
6089,shasta-county-ca,ca,0.87
6091,sierra-county-ca,ca,1
6093,siskiyou-county-ca,ca,0.8
6095,solano-county-ca,ca,0.81
6097,sonoma-county-ca,ca,0.81
6099,stanislaus-county-ca,ca,0.84
6101,sutter-county-ca,ca,0.83
6103,tehama-county-ca,ca,0.88
6105,trinity-county-ca,ca,0.74
6107,tulare-county-ca,ca,0.86
6109,tuolumne-county-ca,ca,0.86
6111,ventura-county-ca,ca,0.86
6113,yolo-county-ca,ca,0.87
6115,yuba-county-ca,ca,0.75
8001,adams-county-co,co,
8003,alamosa-county-co,co,0.8
8005,arapahoe-county-co,co,0.83
8007,archuleta-county-co,co,0.84
8009,baca-county-co,co,0.91
8011,bent-county-co,co,0.82
8013,boulder-county-co,co,0.89
8014,broomfield-county-co,co,0.7
8015,chaffee-county-co,co,0.87
8017,cheyenne-county-co,co,0.83
8019,clear-creek-county-co,co,0.86
8021,conejos-county-co,co,0.88
8023,costilla-county-co,co,0.86
8025,crowley-county-co,co,0.91
8027,custer-county-co,co,0.93
8029,delta-county-co,co,0.84
8031,denver-county-co,co,0.7
8033,dolores-county-co,co,0.92
8035,douglas-county-co,co,0.91
8037,eagle-county-co,co,0.75
8039,elbert-county-co,co,0.77
8041,el-paso-county-co,co,0.87
8043,fremont-county-co,co,0.86
8045,garfield-county-co,co,0.84
8047,gilpin-county-co,co,0.81
8049,grand-county-co,co,0.85
8051,gunnison-county-co,co,0.96
8053,hinsdale-county-co,co,1
8055,huerfano-county-co,co,0.87
8057,jackson-county-co,co,1
8059,jefferson-county-co,co,0.85
8061,kiowa-county-co,co,1
8063,kit-carson-county-co,co,0.89
8065,lake-county-co,co,0.8
8067,la-plata-county-co,co,0.55
8069,larimer-county-co,co,0.83
8071,las-animas-county-co,co,0.83
8073,lincoln-county-co,co,0.81
8075,logan-county-co,co,0.87
8077,mesa-county-co,co,0.78
8079,mineral-county-co,co,0.5
8081,moffat-county-co,co,0.78
8083,montezuma-county-co,co,0.75
8085,montrose-county-co,co,0.79
8087,morgan-county-co,co,0.82
8089,otero-county-co,co,0.92
8091,ouray-county-co,co,0.97
8093,park-county-co,co,0.87
8095,phillips-county-co,co,0.81
8097,pitkin-county-co,co,0.96
8099,prowers-county-co,co,0.95
8101,pueblo-county-co,co,0.85
8103,rio-blanco-county-co,co,0.95
8105,rio-grande-county-co,co,0.85
8107,routt-county-co,co,0.93
8109,saguache-county-co,co,0.68
8111,san-juan-county-co,co,0.5
8113,san-miguel-county-co,co,0.97
8115,sedgwick-county-co,co,0.7
8117,summit-county-co,co,0.95
8119,teller-county-co,co,0.83
8121,washington-county-co,co,0.87
8123,weld-county-co,co,0.85
8125,yuma-county-co,co,0.85
9001,fairfield-county-ct,ct,0.9
9003,hartford-county-ct,ct,0.84
9005,litchfield-county-ct,ct,0.89
9007,middlesex-county-ct,ct,0.96
9009,new-haven-county-ct,ct,0.86
9011,new-london-county-ct,ct,0.89
9013,tolland-county-ct,ct,0.91
9015,windham-county-ct,ct,0.83
10001,kent-county-de,de,0.9
10003,new-castle-county-de,de,0.88
10005,sussex-county-de,de,0.89
11001,district-of-columbia-dc,dc,0.72
12001,alachua-county-fl,fl,0.84
12003,baker-county-fl,fl,0.81
12005,bay-county-fl,fl,0.79
12007,bradford-county-fl,fl,0.81
12009,brevard-county-fl,fl,0.86
12011,broward-county-fl,fl,0.81
12013,calhoun-county-fl,fl,0.81
12015,charlotte-county-fl,fl,0.9
12017,citrus-county-fl,fl,0.8
12019,clay-county-fl,fl,0.88
12021,collier-county-fl,fl,0.89
12023,columbia-county-fl,fl,0.71
12027,desoto-county-fl,fl,0.65
12029,dixie-county-fl,fl,0.89
12031,duval-county-fl,fl,0.8
12033,escambia-county-fl,fl,0.8
12035,flagler-county-fl,fl,0.81
12037,franklin-county-fl,fl,0.79
12039,gadsden-county-fl,fl,0.53
12041,gilchrist-county-fl,fl,0.93
12043,glades-county-fl,fl,0.85
12045,gulf-county-fl,fl,0.85
12047,hamilton-county-fl,fl,0.68
12049,hardee-county-fl,fl,0.73
12051,hendry-county-fl,fl,0.86
12053,hernando-county-fl,fl,0.87
12055,highlands-county-fl,fl,0.73
12057,hillsborough-county-fl,fl,0.83
12059,holmes-county-fl,fl,0.7
12061,indian-river-county-fl,fl,0.88
12063,jackson-county-fl,fl,0.73
12065,jefferson-county-fl,fl,0.56
12067,lafayette-county-fl,fl,0.88
12069,lake-county-fl,fl,0.78
12071,lee-county-fl,fl,0.79
12073,leon-county-fl,fl,0.9
12075,levy-county-fl,fl,0.79
12077,liberty-county-fl,fl,0.91
12079,madison-county-fl,fl,0.81
12081,manatee-county-fl,fl,0.82
12083,marion-county-fl,fl,0.77
12085,martin-county-fl,fl,0.84
12086,miami-dade-county-fl,fl,0.81
12087,monroe-county-fl,fl,0.8
12089,nassau-county-fl,fl,0.91
12091,okaloosa-county-fl,fl,0.87
12093,okeechobee-county-fl,fl,0.72
12095,orange-county-fl,fl,0.84
12097,osceola-county-fl,fl,0.87
12099,palm-beach-county-fl,fl,0.86
12101,pasco-county-fl,fl,0.82
12103,pinellas-county-fl,fl,0.83
12105,polk-county-fl,fl,0.78
12107,putnam-county-fl,fl,0.72
12109,st.-johns-county-fl,fl,0.87
12111,st.-lucie-county-fl,fl,0.86
12113,santa-rosa-county-fl,fl,0.89
12115,sarasota-county-fl,fl,0.9
12117,seminole-county-fl,fl,0.91
12119,sumter-county-fl,fl,0.85
12121,suwannee-county-fl,fl,0.93
12123,taylor-county-fl,fl,0.7
12125,union-county-fl,fl,0.81
12127,volusia-county-fl,fl,0.77
12129,wakulla-county-fl,fl,0.88
12131,walton-county-fl,fl,0.83
12133,washington-county-fl,fl,0.78
13001,appling-county-ga,ga,0.89
13003,atkinson-county-ga,ga,0.88
13005,bacon-county-ga,ga,0.94
13007,baker-county-ga,ga,0.78
13009,baldwin-county-ga,ga,0.92
13011,banks-county-ga,ga,0.93
13013,barrow-county-ga,ga,0.86
13015,bartow-county-ga,ga,0.88
13017,ben-hill-county-ga,ga,0.8
13019,berrien-county-ga,ga,0.79
13021,bibb-county-ga,ga,0.79
13023,bleckley-county-ga,ga,0.92
13025,brantley-county-ga,ga,0.83
13027,brooks-county-ga,ga,0.87
13029,bryan-county-ga,ga,0.88
13031,bulloch-county-ga,ga,0.85
13033,burke-county-ga,ga,0.89
13035,butts-county-ga,ga,0.81
13037,calhoun-county-ga,ga,0.89
13039,camden-county-ga,ga,0.93
13043,candler-county-ga,ga,0.91
13045,carroll-county-ga,ga,0.9
13047,catoosa-county-ga,ga,0.88
13049,charlton-county-ga,ga,0.87
13051,chatham-county-ga,ga,0.87
13053,chattahoochee-county-ga,ga,0.82
13055,chattooga-county-ga,ga,0.86
13057,cherokee-county-ga,ga,0.88
13059,clarke-county-ga,ga,0.8
13061,clay-county-ga,ga,0.8
13063,clayton-county-ga,ga,0.72
13065,clinch-county-ga,ga,0.99
13067,cobb-county-ga,ga,0.85
13069,coffee-county-ga,ga,0.85
13071,colquitt-county-ga,ga,0.81
13073,columbia-county-ga,ga,0.91
13075,cook-county-ga,ga,0.9
13077,coweta-county-ga,ga,0.85
13079,crawford-county-ga,ga,0.83
13081,crisp-county-ga,ga,0.88
13083,dade-county-ga,ga,0.92
13085,dawson-county-ga,ga,0.95
13087,decatur-county-ga,ga,0.84
13089,dekalb-county-ga,ga,0.76
13091,dodge-county-ga,ga,0.93
13093,dooly-county-ga,ga,0.83
13095,dougherty-county-ga,ga,0.87
13097,douglas-county-ga,ga,0.86
13099,early-county-ga,ga,0.91
13101,echols-county-ga-ga,ga,0.95
13103,effingham-county-ga,ga,0.91
13105,elbert-county-ga,ga,0.82
13107,emanuel-county-ga,ga,0.84
13109,evans-county-ga,ga,0.82
13111,fannin-county-ga,ga,0.94
13113,fayette-county-ga,ga,0.89
13115,floyd-county-ga,ga,0.93
13117,forsyth-county-ga,ga,0.94
13119,franklin-county-ga,ga,0.91
13121,fulton-county-ga,ga,0.86
13123,gilmer-county-ga,ga,0.84
13125,glascock-county-ga,ga,0.88
13127,glynn-county-ga,ga,0.95
13129,gordon-county-ga,ga,0.96
13131,grady-county-ga,ga,0.91
13133,greene-county-ga,ga,0.9
13135,gwinnett-county-ga,ga,0.84
13137,habersham-county-ga,ga,0.92
13139,hall-county-ga,ga,0.89
13141,hancock-county-ga,ga,0.83
13143,haralson-county-ga,ga,0.96
13145,harris-county-ga,ga,0.92
13147,hart-county-ga,ga,0.95
13149,heard-county-ga,ga,0.91
13151,henry-county-ga,ga,0.88
13153,houston-county-ga,ga,0.87
13155,irwin-county-ga,ga,0.92
13157,jackson-county-ga,ga,0.94
13159,jasper-county-ga,ga,0.85
13161,jeff-davis-county-ga,ga,0.9
13163,jefferson-county-ga,ga,0.87
13165,jenkins-county-ga,ga,0.8
13167,johnson-county-ga,ga,0.93
13169,jones-county-ga,ga,0.88
13171,lamar-county-ga,ga,0.87
13173,lanier-county-ga,ga,0.79
13175,laurens-county-ga,ga,0.85
13177,lee-county-ga,ga,0.88
13179,liberty-county-ga,ga,0.85
13181,lincoln-county-ga,ga,0.85
13183,long-county-ga,ga,0.92
13185,lowndes-county-ga,ga,0.9
13187,lumpkin-county-ga,ga,0.9
13189,mcduffie-county-ga,ga,0.87
13191,mcintosh-county-ga,ga,0.9
13193,macon-county-ga,ga,0.93
13195,madison-county-ga,ga,0.77
13197,marion-county-ga,ga,0.77
13199,meriwether-county-ga,ga,0.84
13201,miller-county-ga,ga,0.83
13205,mitchell-county-ga,ga,0.93
13207,monroe-county-ga,ga,0.85
13209,montgomery-county-ga,ga,0.89
13211,morgan-county-ga,ga,0.9
13213,murray-county-ga,ga,0.93
13215,muscogee-county-ga,ga,0.89
13217,newton-county-ga,ga,0.87
13219,oconee-county-ga,ga,0.95
13221,oglethorpe-county-ga,ga,0.91
13223,paulding-county-ga,ga,0.86
13225,peach-county-ga,ga,0.81
13227,pickens-county-ga,ga,0.96
13229,pierce-county-ga,ga,0.91
13231,pike-county-ga,ga,0.88
13233,polk-county-ga,ga,0.8
13235,pulaski-county-ga,ga,0.9
13237,putnam-county-ga,ga,0.93
13239,quitman-county-ga,ga,0.96
13241,rabun-county-ga,ga,0.94
13243,randolph-county-ga,ga,0.83
13245,richmond-county-ga,ga,0.79
13247,rockdale-county-ga,ga,0.83
13249,schley-county-ga,ga,0.97
13251,screven-county-ga,ga,0.82
13253,seminole-county-ga,ga,0.88
13255,spalding-county-ga,ga,0.85
13257,stephens-county-ga,ga,0.9
13259,stewart-county-ga,ga,0.96
13261,sumter-county-ga,ga,0.89
13263,talbot-county-ga,ga,0.95
13265,taliaferro-county-ga,ga,0.8
13267,tattnall-county-ga,ga,0.84
13269,taylor-county-ga,ga,0.73
13271,telfair-county-ga,ga,0.8
13273,terrell-county-ga,ga,0.91
13275,thomas-county-ga,ga,0.87
13277,tift-county-ga,ga,0.85
13279,toombs-county-ga,ga,0.91
13281,towns-county-ga,ga,0.98
13283,treutlen-county-ga,ga,0.85
13285,troup-county-ga,ga,0.84
13287,turner-county-ga,ga,0.94
13289,twiggs-county-ga,ga,0.96
13291,union-county-ga,ga,0.97
13293,upson-county-ga,ga,0.87
13295,walker-county-ga,ga,0.9
13297,walton-county-ga,ga,0.89
13299,ware-county-ga,ga,0.9
13301,warren-county-ga,ga,0.88
13303,washington-county-ga,ga,0.95
13305,wayne-county-ga,ga,0.91
13307,webster-county-ga,ga,0.86
13309,wheeler-county-ga,ga,0.84
13311,white-county-ga,ga,0.88
13313,whitfield-county-ga,ga,0.8
13315,wilcox-county-ga,ga,0.94
13317,wilkes-county-ga,ga,0.8
13319,wilkinson-county-ga,ga,0.92
13321,worth-county-ga,ga,0.77
15001,hawaii-county-hi,hi,0.79
15003,honolulu-county-hi,hi,0.84
15005,kalawao-county-hi,hi,0.84
15007,kauai-county-hi,hi,0.88
15009,maui-county-hi,hi,0.8
16001,ada-county-id,id,0.84
16003,adams-county-id,id,0.93
16005,bannock-county-id,id,0.9
16007,bear-lake-county-id,id,0.78
16009,benewah-county-id,id,0.83
16011,bingham-county-id,id,0.9
16013,blaine-county-id,id,0.86
16015,boise-county-id,id,0.89
16017,bonner-county-id,id,0.84
16019,bonneville-county-id,id,0.79
16021,boundary-county-id,id,0.78
16023,butte-county-id,id,0.74
16025,camas-county-id,id,0.74
16027,canyon-county-id,id,0.8
16029,caribou-county-id,id,0.91
16031,cassia-county-id,id,0.85
16033,clark-county-id,id,1
16035,clearwater-county-id,id,0.81
16037,custer-county-id,id,0.93
16039,elmore-county-id,id,0.83
16041,franklin-county-id,id,0.84
16043,fremont-county-id,id,0.87
16045,gem-county-id,id,0.81
16047,gooding-county-id,id,0.79
16049,idaho-county-id,id,0.85
16051,jefferson-county-id,id,0.9
16053,jerome-county-id,id,0.79
16055,kootenai-county-id,id,0.88
16057,latah-county-id,id,0.87
16059,lemhi-county-id,id,0.77
16061,lewis-county-id,id,0.89
16063,lincoln-county-id,id,0.91
16065,madison-county-id,id,0.91
16067,minidoka-county-id,id,0.77
16069,nez-perce-county-id,id,0.84
16071,oneida-county-id,id,0.89
16073,owyhee-county-id,id,0.94
16075,payette-county-id,id,0.87
16077,power-county-id,id,0.87
16079,shoshone-county-id,id,0.94
16081,teton-county-id,id,0.89
16083,twin-falls-county-id,id,0.8
16085,valley-county-id,id,0.87
16087,washington-county-id,id,0.9
17001,adams-county-il,il,0.93
17003,alexander-county-il,il,0.92
17005,bond-county-il,il,0.91
17007,boone-county-il,il,0.93
17009,brown-county-il,il,0.84
17011,bureau-county-il,il,0.86
17013,calhoun-county-il,il,0.94
17015,carroll-county-il,il,0.85
17017,cass-county-il,il,0.86
17019,champaign-county-il,il,0.91
17021,christian-county-il,il,0.89
17023,clark-county-il,il,0.84
17025,clay-county-il,il,0.86
17027,clinton-county-il,il,0.94
17029,coles-county-il,il,0.88
17031,cook-county-il,il,0.89
17033,crawford-county-il,il,0.87
17035,cumberland-county-il,il,0.87
17037,dekalb-county-il,il,0.9
17039,de-witt-county-il,il,0.96
17041,douglas-county-il,il,0.94
17043,dupage-county-il,il,0.87
17045,edgar-county-il,il,0.98
17047,edwards-county-il,il,0.92
17049,effingham-county-il,il,0.89
17051,fayette-county-il,il,0.85
17053,ford-county-il,il,0.83
17055,franklin-county-il,il,0.89
17057,fulton-county-il,il,0.9
17059,gallatin-county-il,il,0.95
17061,greene-county-il,il,0.94
17063,grundy-county-il,il,0.99
17065,hamilton-county-il,il,0.82
17067,hancock-county-il,il,0.92
17069,hardin-county-il,il,0.82
17071,henderson-county-il,il,0.92
17073,henry-county-il,il,0.94
17075,iroquois-county-il,il,0.87
17077,jackson-county-il,il,0.93
17079,jasper-county-il,il,0.86
17081,jefferson-county-il,il,0.85
17083,jersey-county-il,il,0.93
17085,jo-daviess-county-il,il,0.97
17087,johnson-county-il,il,0.88
17089,kane-county-il,il,0.93
17091,kankakee-county-il,il,0.95
17093,kendall-county-il,il,0.87
17095,knox-county-il,il,0.91
17097,lake-county-il,il,0.85
17099,lasalle-county-il,il,0.79
17101,lawrence-county-il,il,0.83
17103,lee-county-il,il,0.94
17105,livingston-county-il,il,0.82
17107,logan-county-il,il,0.85
17109,mcdonough-county-il,il,0.88
17111,mchenry-county-il,il,0.87
17113,mclean-county-il,il,0.82
17115,macon-county-il,il,0.87
17117,macoupin-county-il,il,0.87
17119,madison-county-il,il,0.86
17121,marion-county-il,il,0.89
17123,marshall-county-il,il,0.93
17125,mason-county-il,il,0.92
17127,massac-county-il,il,0.87
17129,menard-county-il,il,0.87
17131,mercer-county-il,il,0.93
17133,monroe-county-il,il,0.86
17135,montgomery-county-il,il,0.78
17137,morgan-county-il,il,0.96
17139,moultrie-county-il,il,0.94
17141,ogle-county-il,il,0.82
17143,peoria-county-il,il,0.91
17145,perry-county-il,il,0.93
17147,piatt-county-il,il,0.83
17149,pike-county-il,il,0.86
17151,pope-county-il,il,0.95
17153,pulaski-county-il,il,0.85
17155,putnam-county-il,il,0.88
17157,randolph-county-il,il,0.92
17159,richland-county-il,il,0.93
17161,rock-island-county-il,il,0.88
17163,st.-clair-county-il,il,0.85
17165,saline-county-il,il,0.88
17167,sangamon-county-il,il,0.95
17169,schuyler-county-il,il,0.93
17171,scott-county-il,il,0.88
17173,shelby-county-il,il,0.91
17175,stark-county-il,il,0.82
17177,stephenson-county-il,il,0.89
17179,tazewell-county-il,il,0.91
17181,union-county-il,il,0.83
17183,vermilion-county-il,il,0.77
17185,wabash-county-il,il,0.94
17187,warren-county-il,il,0.92
17189,washington-county-il,il,0.8
17191,wayne-county-il,il,0.92
17193,white-county-il,il,0.88
17195,whiteside-county-il,il,0.91
17197,will-county-il,il,0.84
17199,williamson-county-il,il,0.79
17201,winnebago-county-il,il,0.94
17203,woodford-county-il,il,
18001,adams-county-in,in,0.93
18003,allen-county-in,in,0.92
18005,bartholomew-county-in,in,0.89
18007,benton-county-in,in,0.94
18009,blackford-county-in,in,0.97
18011,boone-county-in,in,0.95
18013,brown-county-in,in,0.98
18015,carroll-county-in,in,0.93
18017,cass-county-in,in,0.91
18019,clark-county-in,in,0.91
18021,clay-county-in,in,0.9
18023,clinton-county-in,in,0.9
18025,crawford-county-in,in,0.88
18027,daviess-county-in,in,0.95
18029,dearborn-county-in,in,0.94
18031,decatur-county-in,in,0.96
18033,dekalb-county-in,in,0.91
18035,delaware-county-in,in,0.91
18037,dubois-county-in,in,0.93
18039,elkhart-county-in,in,0.91
18041,fayette-county-in,in,0.92
18043,floyd-county-in,in,0.94
18045,fountain-county-in,in,0.93
18047,franklin-county-in,in,0.96
18049,fulton-county-in,in,0.93
18051,gibson-county-in,in,0.92
18053,grant-county-in,in,0.96
18055,greene-county-in,in,0.94
18057,hamilton-county-in,in,0.77
18059,hancock-county-in,in,0.92
18061,harrison-county-in,in,0.97
18063,hendricks-county-in,in,0.96
18065,henry-county-in,in,0.94
18067,howard-county-in,in,0.75
18069,huntington-county-in,in,0.92
18071,jackson-county-in,in,0.92
18073,jasper-county-in,in,0.93
18075,jay-county-in,in,0.96
18077,jefferson-county-in,in,0.82
18079,jennings-county-in,in,0.91
18081,johnson-county-in,in,0.93
18083,knox-county-in,in,0.97
18085,kosciusko-county-in,in,0.93
18087,lagrange-county-in,in,0.93
18089,lake-county-in,in,0.87
18091,laporte-county-in,in,0.89
18093,lawrence-county-in,in,0.84
18095,madison-county-in,in,0.85
18097,marion-county-in,in,0.76
18099,marshall-county-in,in,0.9
18101,martin-county-in,in,0.96
18103,miami-county-in,in,0.95
18105,monroe-county-in,in,0.91
18107,montgomery-county-in,in,0.97
18109,morgan-county-in,in,0.92
18111,newton-county-in,in,0.88
18113,noble-county-in,in,0.91
18115,ohio-county-in,in,0.94
18117,orange-county-in,in,0.92
18119,owen-county-in,in,0.92
18121,parke-county-in,in,0.85
18123,perry-county-in,in,0.9
18125,pike-county-in,in,0.93
18127,porter-county-in,in,0.91
18129,posey-county-in,in,0.93
18131,pulaski-county-in,in,0.92
18133,putnam-county-in,in,0.91
18135,randolph-county-in,in,0.91
18137,ripley-county-in,in,0.94
18139,rush-county-in,in,0.98
18141,st.-joseph-county-in,in,0.87
18143,scott-county-in,in,0.95
18145,shelby-county-in,in,0.93
18147,spencer-county-in,in,0.85
18149,starke-county-in,in,0.93
18151,steuben-county-in,in,0.86
18153,sullivan-county-in,in,0.82
18155,switzerland-county-in,in,0.95
18157,tippecanoe-county-in,in,0.85
18159,tipton-county-in,in,0.95
18161,union-county-in,in,0.92
18163,vanderburgh-county-in,in,0.81
18165,vermillion-county-in,in,0.94
18167,vigo-county-in,in,0.89
18169,wabash-county-in,in,0.87
18171,warren-county-in,in,0.96
18173,warrick-county-in,in,0.91
18175,washington-county-in,in,0.9
18177,wayne-county-in,in,0.82
18179,wells-county-in,in,0.97
18181,white-county-in,in,0.86
18183,whitley-county-in,in,0.91
19001,adair-county-ia,ia,0.96
19003,adams-county-ia,ia,0.98
19005,allamakee-county-ia,ia,0.91
19007,appanoose-county-ia,ia,0.91
19009,audubon-county-ia,ia,0.97
19011,benton-county-ia,ia,0.92
19013,black-hawk-county-ia,ia,0.89
19015,boone-county-ia,ia,0.94
19017,bremer-county-ia,ia,0.94
19019,buchanan-county-ia,ia,0.94
19021,buena-vista-county-ia,ia,0.76
19023,butler-county-ia,ia,0.99
19025,calhoun-county-ia,ia,0.93
19027,carroll-county-ia,ia,0.95
19029,cass-county-ia,ia,0.88
19031,cedar-county-ia,ia,0.87
19033,cerro-gordo-county-ia,ia,0.92
19035,cherokee-county-ia,ia,0.96
19037,chickasaw-county-ia,ia,0.95
19039,clarke-county-ia,ia,0.93
19041,clay-county-ia,ia,0.95
19043,clayton-county-ia,ia,0.91
19045,clinton-county-ia,ia,0.87
19047,crawford-county-ia,ia,0.88
19049,dallas-county-ia,ia,0.98
19051,davis-county-ia,ia,0.96
19053,decatur-county-ia,ia,0.96
19055,delaware-county-ia,ia,0.97
19057,des-moines-county-ia,ia,0.84
19059,dickinson-county-ia,ia,0.93
19061,dubuque-county-ia,ia,0.91
19063,emmet-county-ia,ia,0.94
19065,fayette-county-ia,ia,0.91
19067,floyd-county-ia,ia,0.96
19069,franklin-county-ia,ia,0.92
19071,fremont-county-ia,ia,0.95
19073,greene-county-ia,ia,0.84
19075,grundy-county-ia,ia,0.98
19077,guthrie-county-ia,ia,0.98
19079,hamilton-county-ia,ia,0.96
19081,hancock-county-ia,ia,0.97
19083,hardin-county-ia,ia,0.93
19085,harrison-county-ia,ia,0.97
19087,henry-county-ia,ia,0.91
19089,howard-county-ia,ia,0.96
19091,humboldt-county-ia,ia,0.93
19093,ida-county-ia,ia,0.98
19095,iowa-county-ia,ia,0.94
19097,jackson-county-ia,ia,0.94
19099,jasper-county-ia,ia,0.95
19101,jefferson-county-ia,ia,0.92
19103,johnson-county-ia,ia,0.92
19105,jones-county-ia,ia,0.96
19107,keokuk-county-ia,ia,0.96
19109,kossuth-county-ia,ia,0.94
19111,lee-county-ia,ia,0.9
19113,linn-county-ia,ia,0.89
19115,louisa-county-ia,ia,0.88
19117,lucas-county-ia,ia,1
19119,lyon-county-ia,ia,0.94
19121,madison-county-ia,ia,0.99
19123,mahaska-county-ia,ia,0.91
19125,marion-county-ia,ia,0.96
19127,marshall-county-ia,ia,0.9
19129,mills-county-ia,ia,0.95
19131,mitchell-county-ia,ia,1
19133,monona-county-ia,ia,0.91
19135,monroe-county-ia,ia,0.99
19137,montgomery-county-ia,ia,0.91
19139,muscatine-county-ia,ia,0.88
19141,o'brien-county-ia,ia,0.87
19143,osceola-county-ia,ia,0.94
19145,page-county-ia,ia,0.97
19147,palo-alto-county-ia,ia,0.92
19149,plymouth-county-ia,ia,0.97
19151,pocahontas-county-ia,ia,0.9
19153,polk-county-ia,ia,0.89
19155,pottawattamie-county-ia,ia,0.9
19157,poweshiek-county-ia,ia,0.93
19159,ringgold-county-ia,ia,0.98
19161,sac-county-ia,ia,0.98
19163,scott-county-ia,ia,0.88
19165,shelby-county-ia,ia,0.99
19167,sioux-county-ia,ia,0.89
19169,story-county-ia,ia,0.98
19171,tama-county-ia,ia,0.97
19173,taylor-county-ia,ia,0.97
19175,union-county-ia,ia,0.93
19177,van-buren-county-ia,ia,0.96
19179,wapello-county-ia,ia,0.92
19181,warren-county-ia,ia,0.96
19183,washington-county-ia,ia,0.91
19185,wayne-county-ia,ia,0.97
19187,webster-county-ia,ia,0.88
19189,winnebago-county-ia,ia,0.94
19191,winneshiek-county-ia,ia,0.97
19193,woodbury-county-ia,ia,0.88
19195,worth-county-ia,ia,0.99
19197,wright-county-ia,ia,0.92
20001,allen-county-ks,ks,0.85
20003,anderson-county-ks,ks,0.93
20005,atchison-county-ks,ks,0.85
20007,barber-county-ks,ks,0.82
20009,barton-county-ks,ks,0.84
20011,bourbon-county-ks,ks,0.87
20013,brown-county-ks,ks,0.85
20015,butler-county-ks,ks,0.88
20017,chase-county-ks,ks,0.85
20019,chautauqua-county-ks,ks,0.95
20021,cherokee-county-ks,ks,0.92
20023,cheyenne-county-ks,ks,0.97
20025,clark-county-ks,ks,0.92
20027,clay-county-ks,ks,0.89
20029,cloud-county-ks,ks,0.89
20031,coffey-county-ks,ks,0.93
20033,comanche-county-ks,ks,0.87
20035,cowley-county-ks,ks,0.87
20037,crawford-county-ks,ks,0.91
20039,decatur-county-ks,ks,0.86
20041,dickinson-county-ks,ks,0.9
20043,doniphan-county-ks,ks,0.84
20045,douglas-county-ks,ks,0.84
20047,edwards-county-ks,ks,0.81
20049,elk-county-ks,ks,0.94
20051,ellis-county-ks,ks,0.91
20053,ellsworth-county-ks,ks,0.82
20055,finney-county-ks,ks,0.82
20057,ford-county-ks,ks,0.91
20059,franklin-county-ks,ks,0.86
20061,geary-county-ks,ks,0.87
20063,gove-county-ks,ks,0.9
20065,graham-county-ks,ks,0.96
20067,grant-county-ks,ks,0.84
20069,gray-county-ks,ks,0.97
20071,greeley-county-ks,ks,0.94
20073,greenwood-county-ks,ks,0.97
20075,hamilton-county-ks,ks,1
20077,harper-county-ks,ks,0.82
20079,harvey-county-ks,ks,0.89
20081,haskell-county-ks,ks,0.93
20083,hodgeman-county-ks,ks,0.93
20085,jackson-county-ks,ks,0.88
20087,jefferson-county-ks,ks,0.96
20089,jewell-county-ks,ks,0.91
20091,johnson-county-ks,ks,0.92
20093,kearny-county-ks,ks,0.93
20095,kingman-county-ks,ks,0.88
20097,kiowa-county-ks,ks,0.51
20099,labette-county-ks,ks,0.95
20101,lane-county-ks,ks,0.96
20103,leavenworth-county-ks,ks,0.91
20105,lincoln-county-ks,ks,0.9
20107,linn-county-ks,ks,0.88
20109,logan-county-ks,ks,0.86
20111,lyon-county-ks,ks,0.92
20113,mcpherson-county-ks,ks,0.86
20115,marion-county-ks,ks,0.96
20117,marshall-county-ks,ks,0.92
20119,meade-county-ks,ks,0.92
20121,miami-county-ks,ks,0.93
20123,mitchell-county-ks,ks,0.97
20125,montgomery-county-ks,ks,0.86
20127,morris-county-ks,ks,0.94
20129,morton-county-ks,ks,0.84
20131,nemaha-county-ks,ks,0.94
20133,neosho-county-ks,ks,0.95
20135,ness-county-ks,ks,0.94
20137,norton-county-ks,ks,0.88
20139,osage-county-ks,ks,0.91
20141,osborne-county-ks,ks,0.91
20143,ottawa-county-ks,ks,0.93
20145,pawnee-county-ks,ks,0.9
20147,phillips-county-ks,ks,0.91
20149,pottawatomie-county-ks,ks,0.94
20151,pratt-county-ks,ks,0.81
20153,rawlins-county-ks,ks,0.96
20155,reno-county-ks,ks,0.87
20157,republic-county-ks,ks,0.85
20159,rice-county-ks,ks,0.91
20161,riley-county-ks,ks,0.84
20163,rooks-county-ks,ks,0.94
20165,rush-county-ks,ks,0.81
20167,russell-county-ks,ks,0.85
20169,saline-county-ks,ks,0.9
20171,scott-county-ks,ks,0.91
20173,sedgwick-county-ks,ks,0.82
20175,seward-county-ks,ks,0.83
20177,shawnee-county-ks,ks,0.88
20179,sheridan-county-ks,ks,0.96
20181,sherman-county-ks,ks,0.9
20183,smith-county-ks,ks,1
20185,stafford-county-ks,ks,0.84
20187,stanton-county-ks,ks,0.9
20189,stevens-county-ks,ks,0.9
20191,sumner-county-ks,ks,0.93
20193,thomas-county-ks,ks,0.89
20195,trego-county-ks,ks,0.95
20197,wabaunsee-county-ks,ks,0.95
20199,wallace-county-ks,ks,1
20201,washington-county-ks,ks,0.96
20203,wichita-county-ks,ks,0.91
20205,wilson-county-ks,ks,0.91
20207,woodson-county-ks,ks,0.91
20209,wyandotte-county-ks,ks,0.77
21001,adair-county-ky,ky,0.97
21003,allen-county-ky,ky,0.92
21005,anderson-county-ky,ky,0.99
21007,ballard-county-ky,ky,0.92
21009,barren-county-ky,ky,0.95
21011,bath-county-ky,ky,0.91
21013,bell-county-ky,ky,0.96
21015,boone-county-ky,ky,0.96
21017,bourbon-county-ky,ky,0.93
21019,boyd-county-ky,ky,0.94
21021,boyle-county-ky,ky,0.97
21023,bracken-county-ky,ky,0.94
21025,breathitt-county-ky,ky,0.86
21027,breckinridge-county-ky,ky,0.94
21029,bullitt-county-ky,ky,0.91
21031,butler-county-ky,ky,0.93
21033,caldwell-county-ky,ky,0.94
21035,calloway-county-ky,ky,0.96
21037,campbell-county-ky,ky,0.98
21039,carlisle-county-ky,ky,0.94
21041,carroll-county-ky,ky,0.98
21043,carter-county-ky,ky,0.99
21045,casey-county-ky,ky,0.99
21047,christian-county-ky,ky,0.94
21049,clark-county-ky,ky,0.97
21051,clay-county-ky,ky,0.84
21053,clinton-county-ky,ky,0.98
21055,crittenden-county-ky,ky,0.85
21057,cumberland-county-ky,ky,0.98
21059,daviess-county-ky,ky,0.95
21061,edmonson-county-ky,ky,0.94
21063,elliott-county-ky,ky,0.98
21065,estill-county-ky,ky,0.97
21067,fayette-county-ky,ky,0.89
21069,fleming-county-ky,ky,0.95
21071,floyd-county-ky,ky,0.96
21073,franklin-county-ky,ky,0.88
21075,fulton-county-ky,ky,0.98
21077,gallatin-county-ky,ky,0.96
21079,garrard-county-ky,ky,0.94
21081,grant-county-ky,ky,0.89
21083,graves-county-ky,ky,0.95
21085,grayson-county-ky,ky,0.85
21087,green-county-ky,ky,0.96
21089,greenup-county-ky,ky,0.96
21091,hancock-county-ky,ky,0.95
21093,hardin-county-ky,ky,0.94
21095,harlan-county-ky,ky,0.96
21097,harrison-county-ky,ky,0.94
21099,hart-county-ky,ky,0.94
21101,henderson-county-ky,ky,0.96
21103,henry-county-ky,ky,0.93
21105,hickman-county-ky,ky,0.98
21107,hopkins-county-ky,ky,0.91
21109,jackson-county-ky,ky,0.89
21111,jefferson-county-ky,ky,0.88
21113,jessamine-county-ky,ky,0.95
21115,johnson-county-ky,ky,0.96
21117,kenton-county-ky,ky,0.92
21119,knott-county-ky,ky,0.98
21121,knox-county-ky,ky,0.95
21123,larue-county-ky,ky,0.99
21125,laurel-county-ky,ky,0.92
21127,lawrence-county-ky,ky,0.92
21129,lee-county-ky,ky,0.96
21131,leslie-county-ky,ky,0.99
21133,letcher-county-ky,ky,0.97
21135,lewis-county-ky,ky,0.99
21137,lincoln-county-ky,ky,0.96
21139,livingston-county-ky,ky,0.93
21141,logan-county-ky,ky,0.89
21143,lyon-county-ky,ky,0.98
21145,mccracken-county-ky,ky,0.95
21147,mccreary-county-ky,ky,0.94
21149,mclean-county-ky,ky,0.93
21151,madison-county-ky,ky,0.96
21153,magoffin-county-ky,ky,0.98
21155,marion-county-ky,ky,0.94
21157,marshall-county-ky,ky,0.92
21159,martin-county-ky,ky,0.96
21161,mason-county-ky,ky,0.92
21163,meade-county-ky,ky,0.96
21165,menifee-county-ky,ky,0.97
21167,mercer-county-ky,ky,0.95
21169,metcalfe-county-ky,ky,0.94
21171,monroe-county-ky,ky,0.99
21173,montgomery-county-ky,ky,0.97
21175,morgan-county-ky,ky,0.93
21177,muhlenberg-county-ky,ky,0.9
21179,nelson-county-ky,ky,0.96
21181,nicholas-county-ky,ky,0.97
21183,ohio-county-ky,ky,0.94
21185,oldham-county-ky,ky,0.98
21187,owen-county-ky,ky,0.95
21189,owsley-county-ky,ky,0.85
21191,pendleton-county-ky,ky,0.95
21193,perry-county-ky,ky,0.97
21195,pike-county-ky,ky,0.97
21197,powell-county-ky,ky,0.89
21199,pulaski-county-ky,ky,0.96
21201,robertson-county-ky,ky,1
21203,rockcastle-county-ky,ky,0.98
21205,rowan-county-ky,ky,0.97
21207,russell-county-ky,ky,0.97
21209,scott-county-ky,ky,0.93
21211,shelby-county-ky,ky,0.94
21213,simpson-county-ky,ky,0.94
21215,spencer-county-ky,ky,0.96
21217,taylor-county-ky,ky,0.96
21219,todd-county-ky,ky,0.99
21221,trigg-county-ky,ky,0.91
21223,trimble-county-ky,ky,0.93
21225,union-county-ky,ky,0.96
21227,warren-county-ky,ky,0.96
21229,washington-county-ky,ky,0.97
21231,wayne-county-ky,ky,0.95
21233,webster-county-ky,ky,0.88
21235,whitley-county-ky,ky,0.95
21237,wolfe-county-ky,ky,0.96
21239,woodford-county-ky,ky,0.97
22001,acadia-parish-la,la,0.91
22003,allen-parish-la,la,0.92
22005,ascension-parish-la,la,0.88
22007,assumption-parish-la,la,0.9
22009,avoyelles-parish-la,la,0.79
22011,beauregard-parish-la,la,0.95
22013,bienville-parish-la,la,0.9
22015,bossier-parish-la,la,0.83
22017,caddo-parish-la,la,0.74
22019,calcasieu-parish-la,la,0.84
22021,caldwell-parish-la,la,0.9
22023,cameron-parish-la,la,0.91
22025,catahoula-parish-la,la,0.88
22027,claiborne-parish-la,la,0.9
22029,concordia-parish-la,la,0.83
22031,de-soto-parish-la,la,0.94
22033,east-baton-rouge-parish-la,la,0.71
22035,east-carroll-parish-la,la,0.98
22037,east-feliciana-parish-la,la,0.86
22039,evangeline-parish-la,la,0.81
22041,franklin-parish-la,la,0.76
22043,grant-parish-la,la,0.84
22045,iberia-parish-la,la,0.81
22047,iberville-parish-la,la,0.86
22049,jackson-parish-la,la,0.81
22051,jefferson-parish-la,la,0.72
22053,jefferson-davis-parish-la,la,0.93
22055,lafayette-parish-la,la,0.96
22057,lafourche-parish-la,la,0.77
22059,lasalle-parish-la,la,0.94
22061,lincoln-parish-la,la,0.96
22063,livingston-parish-la,la,0.87
22065,madison-parish-la,la,0.4
22067,morehouse-parish-la,la,0.69
22069,natchitoches-parish-la,la,0.8
22071,orleans-parish-la,la,0.73
22073,ouachita-parish-la,la,0.83
22075,plaquemines-parish-la,la,0.91
22077,pointe-coupee-parish-la,la,0.7
22079,rapides-parish-la,la,0.78
22081,red-river-parish-la,la,0.84
22083,richland-parish-la,la,0.78
22085,sabine-parish-la,la,0.93
22087,st.-bernard-parish-la,la,0.91
22089,st.-charles-parish-la,la,0.82
22091,st.-helena-parish-la,la,0.74
22093,st.-james-parish-la,la,0.85
22095,st.-john-the-baptist-parish-la,la,0.81
22097,st.-landry-parish-la,la,0.69
22099,st.-martin-parish-la,la,0.84
22101,st.-mary-parish-la,la,0.88
22103,st.-tammany-parish-la,la,0.83
22105,tangipahoa-parish-la,la,0.71
22107,tensas-parish-la,la,0.84
22109,terrebonne-parish-la,la,0.82
22111,union-parish-la,la,0.65
22113,vermilion-parish-la,la,0.94
22115,vernon-parish-la,la,0.91
22117,washington-parish-la,la,0.82
22119,webster-parish-la,la,0.77
22121,west-baton-rouge-parish-la,la,0.74
22123,west-carroll-parish-la,la,0.93
22125,west-feliciana-parish-la,la,0.91
22127,winn-parish-la,la,0.85
23001,androscoggin-county-me,me,0.81
23003,aroostook-county-me,me,0.9
23005,cumberland-county-me,me,0.88
23007,franklin-county-me,me,0.9
23009,hancock-county-me,me,0.88
23011,kennebec-county-me,me,0.83
23013,knox-county-me,me,0.91
23015,lincoln-county-me,me,
23017,oxford-county-me,me,0.84
23019,penobscot-county-me,me,0.88
23021,piscataquis-county-me,me,
23023,sagadahoc-county-me,me,0.85
23025,somerset-county-me,me,0.86
23027,waldo-county-me,me,0.85
23029,washington-county-me,me,
23031,york-county-me,me,0.88
24001,allegany-county-md,md,0.89
24003,anne-arundel-county-md,md,0.89
24005,baltimore-county-md,md,0.89
24009,calvert-county-md,md,0.71
24011,caroline-county-md,md,0.95
24013,carroll-county-md,md,0.82
24015,cecil-county-md,md,0.98
24017,charles-county-md,md,0.91
24019,dorchester-county-md,md,0.95
24021,frederick-county-md,md,0.83
24023,garrett-county-md,md,0.92
24025,harford-county-md,md,0.92
24027,howard-county-md,md,0.89
24029,kent-county-md,md,0.92
24031,montgomery-county-md,md,0.9
24033,prince-george's-county-md,md,0.9
24035,queen-anne's-county-md,md,0.83
24037,st.-mary's-county-md,md,0.98
24039,somerset-county-md,md,0.86
24041,talbot-county-md,md,0.94
24043,washington-county-md,md,0.87
24045,wicomico-county-md,md,0.92
24047,worcester-county-md,md,0.84
24510,baltimore-city-md,md,0.92
25001,barnstable-county-ma,ma,0.92
25003,berkshire-county-ma,ma,0.88
25005,bristol-county-ma,ma,0.88
25007,dukes-county-ma,ma,0.92
25009,essex-county-ma,ma,0.89
25011,franklin-county-ma,ma,0.82
25013,hampden-county-ma,ma,0.85
25015,hampshire-county-ma,ma,0.94
25017,middlesex-county-ma,ma,0.94
25019,nantucket-county-ma,ma,0.86
25021,norfolk-county-ma,ma,0.93
25023,plymouth-county-ma,ma,0.91
25025,suffolk-county-ma,ma,0.71
25027,worcester-county-ma,ma,0.91
26001,alcona-county-mi,mi,0.95
26003,alger-county-mi,mi,0.79
26005,allegan-county-mi,mi,0.87
26007,alpena-county-mi,mi,0.8
26009,antrim-county-mi,mi,0.93
26011,arenac-county-mi,mi,0.9
26013,baraga-county-mi,mi,0.87
26015,barry-county-mi,mi,0.87
26017,bay-county-mi,mi,0.88
26019,benzie-county-mi,mi,0.83
26021,berrien-county-mi,mi,0.83
26023,branch-county-mi,mi,0.81
26025,calhoun-county-mi,mi,0.88
26027,cass-county-mi,mi,0.9
26029,charlevoix-county-mi,mi,0.92
26031,cheboygan-county-mi,mi,0.87
26033,chippewa-county-mi,mi,0.88
26035,clare-county-mi,mi,0.89
26037,clinton-county-mi,mi,0.95
26039,crawford-county-mi,mi,0.89
26041,delta-county-mi,mi,0.74
26043,dickinson-county-mi,mi,0.89
26045,eaton-county-mi,mi,0.87
26047,emmet-county-mi,mi,0.94
26049,genesee-county-mi,mi,0.83
26051,gladwin-county-mi,mi,0.89
26053,gogebic-county-mi,mi,0.88
26055,grand-traverse-county-mi,mi,0.86
26057,gratiot-county-mi,mi,0.88
26059,hillsdale-county-mi,mi,0.85
26061,houghton-county-mi,mi,0.77
26063,huron-county-mi,mi,0.92
26065,ingham-county-mi,mi,0.88
26067,ionia-county-mi,mi,0.84
26069,iosco-county-mi,mi,0.91
26071,iron-county-mi,mi,0.96
26073,isabella-county-mi,mi,0.83
26075,jackson-county-mi,mi,0.81
26077,kalamazoo-county-mi,mi,0.85
26079,kalkaska-county-mi,mi,0.78
26081,kent-county-mi,mi,0.89
26083,keweenaw-county-mi,mi,0.62
26085,lake-county-mi,mi,0.79
26087,lapeer-county-mi,mi,0.91
26089,leelanau-county-mi,mi,0.91
26091,lenawee-county-mi,mi,0.89
26093,livingston-county-mi,mi,0.91
26095,luce-county-mi,mi,0.91
26097,mackinac-county-mi,mi,0.91
26099,macomb-county-mi,mi,0.89
26101,manistee-county-mi,mi,0.88
26103,marquette-county-mi,mi,0.88
26105,mason-county-mi,mi,0.91
26107,mecosta-county-mi,mi,0.86
26109,menominee-county-mi,mi,0.86
26111,midland-county-mi,mi,0.94
26113,missaukee-county-mi,mi,0.91
26115,monroe-county-mi,mi,0.92
26117,montcalm-county-mi,mi,0.87
26119,montmorency-county-mi,mi,0.93
26121,muskegon-county-mi,mi,0.9
26123,newaygo-county-mi,mi,0.85
26125,oakland-county-mi,mi,0.9
26127,oceana-county-mi,mi,0.83
26129,ogemaw-county-mi,mi,0.91
26131,ontonagon-county-mi,mi,0.94
26133,osceola-county-mi,mi,0.86
26135,oscoda-county-mi,mi,0.9
26137,otsego-county-mi,mi,0.86
26139,ottawa-county-mi,mi,0.93
26141,presque-isle-county-mi,mi,0.94
26143,roscommon-county-mi,mi,0.81
26145,saginaw-county-mi,mi,0.85
26147,st.-clair-county-mi,mi,0.87
26149,st.-joseph-county-mi,mi,0.97
26151,sanilac-county-mi,mi,0.89
26153,schoolcraft-county-mi,mi,0.92
26155,shiawassee-county-mi,mi,0.92
26157,tuscola-county-mi,mi,0.86
26159,van-buren-county-mi,mi,0.84
26161,washtenaw-county-mi,mi,0.91
26163,wayne-county-mi,mi,0.86
26165,wexford-county-mi,mi,0.82
27001,aitkin-county-mn,mn,0.89
27003,anoka-county-mn,mn,0.83
27005,becker-county-mn,mn,0.88
27007,beltrami-county-mn,mn,0.65
27009,benton-county-mn,mn,0.89
27011,big-stone-county-mn,mn,0.88
27013,blue-earth-county-mn,mn,0.89
27015,brown-county-mn,mn,0.85
27017,carlton-county-mn,mn,0.89
27019,carver-county-mn,mn,0.94
27021,cass-county-mn,mn,0.68
27023,chippewa-county-mn,mn,0.76
27025,chisago-county-mn,mn,0.84
27027,clay-county-mn,mn,0.78
27029,clearwater-county-mn,mn,0.9
27031,cook-county-mn,mn,0.93
27033,cottonwood-county-mn,mn,0.95
27035,crow-wing-county-mn,mn,0.85
27037,dakota-county-mn,mn,0.86
27039,dodge-county-mn,mn,0.97
27041,douglas-county-mn,mn,0.84
27043,faribault-county-mn,mn,0.78
27045,fillmore-county-mn,mn,0.92
27047,freeborn-county-mn,mn,0.8
27049,goodhue-county-mn,mn,0.87
27051,grant-county-mn,mn,0.99
27053,hennepin-county-mn,mn,0.79
27055,houston-county-mn,mn,0.74
27057,hubbard-county-mn,mn,0.75
27059,isanti-county-mn,mn,0.87
27061,itasca-county-mn,mn,0.89
27063,jackson-county-mn,mn,0.92
27065,kanabec-county-mn,mn,0.89
27067,kandiyohi-county-mn,mn,0.73
27069,kittson-county-mn,mn,0.97
27071,koochiching-county-mn,mn,0.9
27073,lac-qui-parle-county-mn,mn,0.95
27075,lake-county-mn,mn,0.94
27077,lake-of-the-woods-county-mn,mn,0.91
27079,le-sueur-county-mn,mn,0.86
27081,lincoln-county-mn,mn,0.88
27083,lyon-county-mn,mn,0.83
27085,mcleod-county-mn,mn,0.59
27087,mahnomen-county-mn,mn,0.94
27089,marshall-county-mn,mn,0.92
27091,martin-county-mn,mn,0.84
27093,meeker-county-mn,mn,0.92
27095,mille-lacs-county-mn,mn,0.8
27097,morrison-county-mn,mn,0.89
27099,mower-county-mn,mn,0.79
27101,murray-county-mn,mn,0.89
27103,nicollet-county-mn,mn,0.93
27105,nobles-county-mn,mn,0.78
27107,norman-county-mn,mn,0.87
27109,olmsted-county-mn,mn,0.86
27111,otter-tail-county-mn,mn,0.8
27113,pennington-county-mn,mn,0.92
27115,pine-county-mn,mn,0.86
27117,pipestone-county-mn,mn,0.78
27119,polk-county-mn,mn,0.88
27121,pope-county-mn,mn,0.93
27123,ramsey-county-mn,mn,0.76
27125,red-lake-county-mn,mn,0.91
27127,redwood-county-mn,mn,0.92
27129,renville-county-mn,mn,0.88
27131,rice-county-mn,mn,0.78
27133,rock-county-mn,mn,0.9
27135,roseau-county-mn,mn,0.93
27137,st.-louis-county-mn,mn,0.88
27139,scott-county-mn,mn,0.9
27141,sherburne-county-mn,mn,0.89
27143,sibley-county-mn,mn,0.81
27145,stearns-county-mn,mn,0.83
27147,steele-county-mn,mn,0.83
27149,stevens-county-mn,mn,0.95
27151,swift-county-mn,mn,0.88
27153,todd-county-mn,mn,0.92
27155,traverse-county-mn,mn,0.93
27157,wabasha-county-mn,mn,0.91
27159,wadena-county-mn,mn,0.82
27161,waseca-county-mn,mn,0.83
27163,washington-county-mn,mn,0.9
27165,watonwan-county-mn,mn,0.88
27167,wilkin-county-mn,mn,0.94
27169,winona-county-mn,mn,0.83
27171,wright-county-mn,mn,0.9
27173,yellow-medicine-county-mn,mn,0.96
28001,adams-county-ms,ms,0.8
28003,alcorn-county-ms,ms,0.88
28005,amite-county-ms,ms,
28007,attala-county-ms,ms,0.83
28009,benton-county-ms,ms,0.78
28011,bolivar-county-ms,ms,0.82
28013,calhoun-county-ms,ms,0.88
28015,carroll-county-ms,ms,0.83
28017,chickasaw-county-ms,ms,0.84
28019,choctaw-county-ms,ms,0.73
28021,claiborne-county-ms,ms,0.88
28023,clarke-county-ms,ms,0.83
28025,clay-county-ms,ms,0.88
28027,coahoma-county-ms,ms,0.74
28029,copiah-county-ms,ms,0.79
28031,covington-county-ms,ms,0.8
28033,desoto-county-ms,ms,0.89
28035,forrest-county-ms,ms,0.8
28037,franklin-county-ms,ms,0.83
28039,george-county-ms,ms,0.89
28041,greene-county-ms,ms,0.88
28043,grenada-county-ms,ms,0.83
28045,hancock-county-ms,ms,0.83
28047,harrison-county-ms,ms,0.85
28049,hinds-county-ms,ms,0.74
28051,holmes-county-ms,ms,0.76
28053,humphreys-county-ms,ms,0.83
28055,issaquena-county-ms,ms,
28057,itawamba-county-ms,ms,0.84
28059,jackson-county-ms,ms,0.87
28061,jasper-county-ms,ms,0.83
28063,jefferson-county-ms,ms,0.88
28065,jefferson-davis-county-ms,ms,0.83
28067,jones-county-ms,ms,0.85
28069,kemper-county-ms,ms,0.93
28071,lafayette-county-ms,ms,0.87
28073,lamar-county-ms,ms,0.92
28075,lauderdale-county-ms,ms,0.82
28077,lawrence-county-ms,ms,0.83
28079,leake-county-ms,ms,0.78
28081,lee-county-ms,ms,0.84
28083,leflore-county-ms,ms,0.75
28085,lincoln-county-ms,ms,0.81
28087,lowndes-county-ms,ms,0.88
28089,madison-county-ms,ms,0.85
28091,marion-county-ms,ms,0.82
28093,marshall-county-ms,ms,0.81
28095,monroe-county-ms,ms,0.88
28097,montgomery-county-ms,ms,0.84
28099,neshoba-county-ms,ms,0.8
28101,newton-county-ms,ms,0.84
28103,noxubee-county-ms,ms,0.73
28105,oktibbeha-county-ms,ms,0.9
28107,panola-county-ms,ms,0.85
28109,pearl-river-county-ms,ms,0.85
28111,perry-county-ms,ms,0.77
28113,pike-county-ms,ms,0.8
28115,pontotoc-county-ms,ms,0.82
28117,prentiss-county-ms,ms,0.88
28119,quitman-county-ms,ms,0.83
28121,rankin-county-ms,ms,0.89
28123,scott-county-ms,ms,0.84
28125,sharkey-county-ms,ms,0.83
28127,simpson-county-ms,ms,0.81
28129,smith-county-ms,ms,0.88
28131,stone-county-ms,ms,0.88
28133,sunflower-county-ms,ms,0.77
28135,tallahatchie-county-ms,ms,0.9
28137,tate-county-ms,ms,0.82
28139,tippah-county-ms,ms,0.83
28141,tishomingo-county-ms,ms,0.84
28143,tunica-county-ms,ms,0.88
28145,union-county-ms,ms,0.83
28147,walthall-county-ms,ms,0.78
28149,warren-county-ms,ms,0.72
28151,washington-county-ms,ms,0.77
28153,wayne-county-ms,ms,0.79
28155,webster-county-ms,ms,0.88
28157,wilkinson-county-ms,ms,0.78
28159,winston-county-ms,ms,0.83
28161,yalobusha-county-ms,ms,0.87
28163,yazoo-county-ms,ms,0.75
29001,adair-county-mo,mo,0.92
29003,andrew-county-mo,mo,0.93
29005,atchison-county-mo,mo,0.96
29007,audrain-county-mo,mo,0.87
29009,barry-county-mo,mo,0.96
29011,barton-county-mo,mo,0.87
29013,bates-county-mo,mo,0.95
29015,benton-county-mo,mo,0.9
29017,bollinger-county-mo,mo,0.96
29019,boone-county-mo,mo,0.9
29021,buchanan-county-mo,mo,0.82
29023,butler-county-mo,mo,0.91
29025,caldwell-county-mo,mo,0.96
29027,callaway-county-mo,mo,0.91
29029,camden-county-mo,mo,0.91
29031,cape-girardeau-county-mo,mo,0.92
29033,carroll-county-mo,mo,1
29035,carter-county-mo,mo,0.94
29037,cass-county-mo,mo,0.92
29039,cedar-county-mo,mo,0.92
29041,chariton-county-mo,mo,1
29043,christian-county-mo,mo,0.94
29045,clark-county-mo,mo,0.98
29047,clay-county-mo,mo,0.95
29049,clinton-county-mo,mo,0.95
29051,cole-county-mo,mo,0.87
29053,cooper-county-mo,mo,0.98
29055,crawford-county-mo,mo,0.94
29057,dade-county-mo,mo,0.96
29059,dallas-county-mo,mo,0.96
29061,daviess-county-mo,mo,0.94
29063,dekalb-county-mo,mo,0.92
29065,dent-county-mo,mo,0.98
29067,douglas-county-mo,mo,0.99
29069,dunklin-county-mo,mo,0.93
29071,franklin-county-mo,mo,0.89
29073,gasconade-county-mo,mo,0.89
29075,gentry-county-mo,mo,0.98
29077,greene-county-mo,mo,0.89
29079,grundy-county-mo,mo,0.96
29081,harrison-county-mo,mo,0.94
29083,henry-county-mo,mo,0.88
29085,hickory-county-mo,mo,0.98
29087,holt-county-mo,mo,1
29089,howard-county-mo,mo,0.93
29091,howell-county-mo,mo,0.95
29093,iron-county-mo,mo,0.97
29095,jackson-county-mo,mo,0.9
29097,jasper-county-mo,mo,0.87
29099,jefferson-county-mo,mo,0.92
29101,johnson-county-mo,mo,0.92
29103,knox-county-mo,mo,0.9
29105,laclede-county-mo,mo,0.93
29107,lafayette-county-mo,mo,0.95
29109,lawrence-county-mo,mo,0.91
29111,lewis-county-mo,mo,0.96
29113,lincoln-county-mo,mo,0.95
29115,linn-county-mo,mo,0.97
29117,livingston-county-mo,mo,0.95
29119,mcdonald-county-mo,mo,0.94
29121,macon-county-mo,mo,0.9
29123,madison-county-mo,mo,0.9
29125,maries-county-mo,mo,0.91
29127,marion-county-mo,mo,0.92
29129,mercer-county-mo,mo,0.95
29131,miller-county-mo,mo,0.94
29133,mississippi-county-mo,mo,0.97
29135,moniteau-county-mo,mo,0.92
29137,monroe-county-mo,mo,0.94
29139,montgomery-county-mo,mo,0.89
29141,morgan-county-mo,mo,1
29143,new-madrid-county-mo,mo,0.94
29145,newton-county-mo,mo,0.87
29147,nodaway-county-mo,mo,0.96
29149,oregon-county-mo,mo,0.96
29151,osage-county-mo,mo,0.95
29153,ozark-county-mo,mo,0.96
29155,pemiscot-county-mo,mo,0.96
29157,perry-county-mo,mo,0.87
29159,pettis-county-mo,mo,0.96
29161,phelps-county-mo,mo,0.89
29163,pike-county-mo,mo,0.94
29165,platte-county-mo,mo,0.93
29167,polk-county-mo,mo,0.92
29169,pulaski-county-mo,mo,0.93
29171,putnam-county-mo,mo,0.96
29173,ralls-county-mo,mo,0.94
29175,randolph-county-mo,mo,0.92
29177,ray-county-mo,mo,0.95
29179,reynolds-county-mo,mo,1
29181,ripley-county-mo,mo,0.92
29183,st.-charles-county-mo,mo,0.89
29185,st.-clair-county-mo,mo,0.9
29186,ste.-genevieve-county-mo,mo,0.97
29187,st.-francois-county-mo,mo,0.92
29189,st.-louis-county-mo,mo,0.92
29195,saline-county-mo,mo,0.93
29197,schuyler-county-mo,mo,0.92
29199,scotland-county-mo,mo,0.94
29201,scott-county-mo,mo,0.94
29203,shannon-county-mo,mo,0.91
29205,shelby-county-mo,mo,0.8
29207,stoddard-county-mo,mo,0.85
29209,stone-county-mo,mo,0.94
29211,sullivan-county-mo,mo,0.94
29213,taney-county-mo,mo,1
29215,texas-county-mo,mo,0.95
29217,vernon-county-mo,mo,0.92
29219,warren-county-mo,mo,0.92
29221,washington-county-mo,mo,0.9
29223,wayne-county-mo,mo,0.97
29225,webster-county-mo,mo,0.95
29227,worth-county-mo,mo,0.9
29229,wright-county-mo,mo,0.97
29510,st.-louis-city-mo,mo,0.99
30001,beaverhead-county-mt,mt,0.89
30003,big-horn-county-mt,mt,0.75
30005,blaine-county-mt,mt,0.81
30007,broadwater-county-mt,mt,0.91
30009,carbon-county-mt,mt,0.93
30011,carter-county-mt,mt,0.78
30013,cascade-county-mt,mt,0.81
30015,chouteau-county-mt,mt,0.85
30017,custer-county-mt,mt,0.93
30019,daniels-county-mt,mt,0.94
30021,dawson-county-mt,mt,0.87
30023,deer-lodge-county-mt,mt,0.75
30025,fallon-county-mt,mt,0.91
30027,fergus-county-mt,mt,0.91
30029,flathead-county-mt,mt,0.88
30031,gallatin-county-mt,mt,0.9
30033,garfield-county-mt,mt,1
30035,glacier-county-mt,mt,0.64
30037,golden-valley-county-mt,mt,1
30039,granite-county-mt,mt,0.89
30041,hill-county-mt,mt,0.75
30043,jefferson-county-mt,mt,0.84
30045,judith-basin-county-mt,mt,1
30047,lake-county-mt,mt,0.89
30049,lewis-and-clark-county-mt,mt,0.85
30051,liberty-county-mt,mt,0.9
30053,lincoln-county-mt,mt,0.94
30055,mccone-county-mt,mt,0.9
30057,madison-county-mt,mt,0.94
30059,meagher-county-mt,mt,0.93
30061,mineral-county-mt,mt,0.83
30063,missoula-county-mt,mt,0.89
30065,musselshell-county-mt,mt,0.92
30067,park-county-mt,mt,0.92
30069,petroleum-county-mt,mt,1
30071,phillips-county-mt,mt,0.96
30073,pondera-county-mt,mt,0.86
30075,powder-river-county-mt,mt,1
30077,powell-county-mt,mt,0.89
30079,prairie-county-mt,mt,1
30081,ravalli-county-mt,mt,0.95
30083,richland-county-mt,mt,0.86
30085,roosevelt-county-mt,mt,0.68
30087,rosebud-county-mt,mt,0.74
30089,sanders-county-mt,mt,0.91
30091,sheridan-county-mt,mt,0.97
30093,silver-bow-county-mt,mt,0.86
30095,stillwater-county-mt,mt,0.92
30097,sweet-grass-county-mt,mt,0.9
30099,teton-county-mt,mt,0.94
30101,toole-county-mt,mt,0.88
30103,treasure-county-mt,mt,0.5
30105,valley-county-mt,mt,0.92
30107,wheatland-county-mt,mt,0.95
30109,wibaux-county-mt,mt,1
30111,yellowstone-county-mt,mt,0.86
31001,adams-county-ne,ne,0.87
31003,antelope-county-ne,ne,0.95
31005,arthur-county-ne,ne,
31007,banner-county-ne,ne,
31009,blaine-county-ne,ne,1
31011,boone-county-ne,ne,0.96
31013,box-butte-county-ne,ne,0.84
31015,boyd-county-ne,ne,1
31017,brown-county-ne,ne,0.92
31019,buffalo-county-ne,ne,0.88
31021,burt-county-ne,ne,0.95
31023,butler-county-ne,ne,0.92
31025,cass-county-ne,ne,0.96
31027,cedar-county-ne,ne,0.8
31029,chase-county-ne,ne,0.92
31031,cherry-county-ne,ne,0.94
31033,cheyenne-county-ne,ne,0.9
31035,clay-county-ne,ne,0.98
31037,colfax-county-ne,ne,0.88
31039,cuming-county-ne,ne,0.98
31041,custer-county-ne,ne,0.97
31043,dakota-county-ne,ne,0.87
31045,dawes-county-ne,ne,0.53
31047,dawson-county-ne,ne,0.95
31049,deuel-county-ne,ne,0.82
31051,dixon-county-ne,ne,0.95
31053,dodge-county-ne,ne,0.87
31055,douglas-county-ne,ne,0.86
31057,dundy-county-ne,ne,0.96
31059,fillmore-county-ne,ne,0.92
31061,franklin-county-ne,ne,0.93
31063,frontier-county-ne,ne,0.92
31065,furnas-county-ne,ne,1
31067,gage-county-ne,ne,0.87
31069,garden-county-ne,ne,1
31071,garfield-county-ne,ne,0.92
31073,gosper-county-ne,ne,0.86
31075,grant-county-ne,ne,1
31077,greeley-county-ne,ne,0.93
31079,hall-county-ne,ne,0.87
31081,hamilton-county-ne,ne,0.98
31083,harlan-county-ne,ne,1
31085,hayes-county-ne,ne,
31087,hitchcock-county-ne,ne,0.8
31089,holt-county-ne,ne,0.9
31091,hooker-county-ne,ne,1
31093,howard-county-ne,ne,0.97
31095,jefferson-county-ne,ne,0.93
31097,johnson-county-ne,ne,0.9
31099,kearney-county-ne,ne,0.98
31101,keith-county-ne,ne,0.93
31103,keya-paha-county-ne,ne,
31105,kimball-county-ne,ne,0.89
31107,knox-county-ne,ne,0.92
31109,lancaster-county-ne,ne,0.84
31111,lincoln-county-ne,ne,0.91
31113,logan-county-ne,ne,
31115,loup-county-ne,ne,
31117,mcpherson-county-ne,ne,0.92
31119,madison-county-ne,ne,
31121,merrick-county-ne,ne,0.97
31123,morrill-county-ne,ne,0.95
31125,nance-county-ne,ne,0.88
31127,nemaha-county-ne,ne,0.94
31129,nuckolls-county-ne,ne,0.96
31131,otoe-county-ne,ne,0.88
31133,pawnee-county-ne,ne,1
31135,perkins-county-ne,ne,0.97
31137,phelps-county-ne,ne,0.94
31139,pierce-county-ne,ne,0.98
31141,platte-county-ne,ne,0.92
31143,polk-county-ne,ne,0.94
31145,red-willow-county-ne,ne,0.97
31147,richardson-county-ne,ne,0.93
31149,rock-county-ne,ne,1
31151,saline-county-ne,ne,0.87
31153,sarpy-county-ne,ne,0.92
31155,saunders-county-ne,ne,0.95
31157,scotts-bluff-county-ne,ne,0.92
31159,seward-county-ne,ne,0.95
31161,sheridan-county-ne,ne,0.94
31163,sherman-county-ne,ne,0.91
31165,sioux-county-ne,ne,
31167,stanton-county-ne,ne,0.97
31169,thayer-county-ne,ne,0.95
31171,thomas-county-ne,ne,
31173,thurston-county-ne,ne,0.79
31175,valley-county-ne,ne,0.96
31177,washington-county-ne,ne,0.97
31179,wayne-county-ne,ne,0.94
31181,webster-county-ne,ne,1
31183,wheeler-county-ne,ne,1
31185,york-county-ne,ne,0.99
32001,churchill-county-nv,nv,0.71
32003,clark-county-nv,nv,0.73
32005,douglas-county-nv,nv,0.83
32007,elko-county-nv,nv,0.88
32009,esmeralda-county-nv,nv,0.88
32011,eureka-county-nv,nv,
32013,humboldt-county-nv,nv,1
32015,lander-county-nv,nv,0.89
32017,lincoln-county-nv,nv,0.92
32019,lyon-county-nv,nv,0.86
32021,mineral-county-nv,nv,0.84
32023,nye-county-nv,nv,0.84
32027,pershing-county-nv,nv,0.79
32029,storey-county-nv,nv,1
32031,washoe-county-nv,nv,0.91
32033,white-pine-county-nv,nv,0.84
32510,carson-city-county-nv,nv,0.7
33001,belknap-county-nh,nh,0.88
33003,carroll-county-nh,nh,0.94
33005,cheshire-county-nh,nh,0.89
33007,coos-county-nh,nh,0.92
33009,grafton-county-nh,nh,0.95
33011,hillsborough-county-nh,nh,0.88
33013,merrimack-county-nh,nh,0.88
33015,rockingham-county-nh,nh,0.93
33017,strafford-county-nh,nh,0.86
33019,sullivan-county-nh,nh,0.84
34001,atlantic-county-nj,nj,0.9
34003,bergen-county-nj,nj,0.95
34005,burlington-county-nj,nj,0.93
34007,camden-county-nj,nj,0.88
34009,cape-may-county-nj,nj,0.88
34011,cumberland-county-nj,nj,0.81
34013,essex-county-nj,nj,0.87
34015,gloucester-county-nj,nj,0.93
34017,hudson-county-nj,nj,0.85
34019,hunterdon-county-nj,nj,0.96
34021,mercer-county-nj,nj,0.9
34023,middlesex-county-nj,nj,0.9
34025,monmouth-county-nj,nj,0.94
34027,morris-county-nj,nj,0.95
34029,ocean-county-nj,nj,0.91
34031,passaic-county-nj,nj,0.9
34033,salem-county-nj,nj,0.87
34035,somerset-county-nj,nj,0.94
34037,sussex-county-nj,nj,0.95
34039,union-county-nj,nj,0.88
34041,warren-county-nj,nj,0.93
35001,bernalillo-county-nm,nm,0.68
35003,catron-county-nm,nm,0.85
35005,chaves-county-nm,nm,0.67
35006,cibola-county-nm,nm,0.68
35007,colfax-county-nm,nm,0.81
35009,curry-county-nm,nm,0.78
35011,de-baca-county-nm,nm,0.88
35013,doa-ana-county-nm,nm,0.83
35015,eddy-county-nm,nm,0.75
35017,grant-county-nm,nm,0.86
35019,guadalupe-county-nm,nm,0.87
35021,harding-county-nm,nm,
35023,hidalgo-county-nm,nm,0.86
35025,lea-county-nm,nm,0.86
35027,lincoln-county-nm,nm,0.82
35028,los-alamos-county-nm,nm,0.87
35029,luna-county-nm,nm,0.68
35031,mckinley-county-nm,nm,0.66
35033,mora-county-nm,nm,0.73
35035,otero-county-nm,nm,0.75
35037,quay-county-nm,nm,0.7
35039,rio-arriba-county-nm,nm,0.73
35041,roosevelt-county-nm,nm,0.81
35043,sandoval-county-nm,nm,0.67
35045,san-juan-county-nm,nm,0.73
35047,san-miguel-county-nm,nm,0.77
35049,santa-fe-county-nm,nm,0.68
35051,sierra-county-nm,nm,0.85
35053,socorro-county-nm,nm,0.69
35055,taos-county-nm,nm,0.73
35057,torrance-county-nm,nm,0.79
35059,union-county-nm,nm,0.79
35061,valencia-county-nm,nm,0.74
36001,albany-county-ny,ny,0.84
36003,allegany-county-ny,ny,0.88
36005,bronx-county-ny,ny,0.68
36007,broome-county-ny,ny,0.83
36009,cattaraugus-county-ny,ny,0.85
36011,cayuga-county-ny,ny,0.83
36013,chautauqua-county-ny,ny,0.83
36015,chemung-county-ny,ny,0.76
36017,chenango-county-ny,ny,0.85
36019,clinton-county-ny,ny,0.87
36021,columbia-county-ny,ny,0.83
36023,cortland-county-ny,ny,0.88
36025,delaware-county-ny,ny,0.87
36027,dutchess-county-ny,ny,0.86
36029,erie-county-ny,ny,0.84
36031,essex-county-ny,ny,0.91
36033,franklin-county-ny,ny,0.86
36035,fulton-county-ny,ny,0.78
36037,genesee-county-ny,ny,0.91
36039,greene-county-ny,ny,0.87
36041,hamilton-county-ny,ny,0.96
36043,herkimer-county-ny,ny,0.85
36045,jefferson-county-ny,ny,0.86
36047,kings-county-ny,ny,0.74
36049,lewis-county-ny,ny,0.92
36051,livingston-county-ny,ny,0.89
36053,madison-county-ny,ny,0.86
36055,monroe-county-ny,ny,0.83
36057,montgomery-county-ny,ny,0.76
36059,nassau-county-ny,ny,0.91
36061,new-york-county-ny,ny,0.75
36063,niagara-county-ny,ny,0.85
36065,oneida-county-ny,ny,0.84
36067,onondaga-county-ny,ny,0.84
36069,ontario-county-ny,ny,0.9
36071,orange-county-ny,ny,0.87
36073,orleans-county-ny,ny,0.89
36075,oswego-county-ny,ny,0.84
36077,otsego-county-ny,ny,0.86
36079,putnam-county-ny,ny,0.93
36081,queens-county-ny,ny,0.78
36083,rensselaer-county-ny,ny,0.86
36085,richmond-county-ny,ny,0.8
36087,rockland-county-ny,ny,0.85
36089,st.-lawrence-county-ny,ny,0.91
36091,saratoga-county-ny,ny,0.78
36093,schenectady-county-ny,ny,0.83
36095,schoharie-county-ny,ny,0.9
36097,schuyler-county-ny,ny,0.83
36099,seneca-county-ny,ny,0.85
36101,steuben-county-ny,ny,0.86
36103,suffolk-county-ny,ny,0.9
36105,sullivan-county-ny,ny,0.78
36107,tioga-county-ny,ny,0.87
36109,tompkins-county-ny,ny,0.83
36111,ulster-county-ny,ny,0.86
36113,warren-county-ny,ny,0.88
36115,washington-county-ny,ny,0.8
36117,wayne-county-ny,ny,0.87
36119,westchester-county-ny,ny,0.9
36121,wyoming-county-ny,ny,0.94
36123,yates-county-ny,ny,0.79
37001,alamance-county-nc,nc,0.81
37003,alexander-county-nc,nc,0.85
37005,alleghany-county-nc,nc,0.92
37007,anson-county-nc,nc,0.84
37009,ashe-county-nc,nc,0.87
37011,avery-county-nc,nc,0.94
37013,beaufort-county-nc,nc,0.83
37015,bertie-county-nc,nc,0.84
37017,bladen-county-nc,nc,0.9
37019,brunswick-county-nc,nc,0.84
37021,buncombe-county-nc,nc,0.88
37023,burke-county-nc,nc,0.89
37025,cabarrus-county-nc,nc,0.89
37027,caldwell-county-nc,nc,0.89
37029,camden-county-nc,nc,0.83
37031,carteret-county-nc,nc,0.85
37033,caswell-county-nc,nc,0.84
37035,catawba-county-nc,nc,0.92
37037,chatham-county-nc,nc,0.86
37039,cherokee-county-nc,nc,0.92
37041,chowan-county-nc,nc,0.89
37043,clay-county-nc,nc,0.86
37045,cleveland-county-nc,nc,0.88
37047,columbus-county-nc,nc,0.84
37049,craven-county-nc,nc,0.86
37051,cumberland-county-nc,nc,0.82
37053,currituck-county-nc,nc,0.87
37055,dare-county-nc,nc,0.91
37057,davidson-county-nc,nc,0.87
37059,davie-county-nc,nc,0.87
37061,duplin-county-nc,nc,0.81
37063,durham-county-nc,nc,0.82
37065,edgecombe-county-nc,nc,0.77
37067,forsyth-county-nc,nc,0.84
37069,franklin-county-nc,nc,0.86
37071,gaston-county-nc,nc,0.86
37073,gates-county-nc,nc,0.93
37075,graham-county-nc,nc,0.85
37077,granville-county-nc,nc,0.81
37079,greene-county-nc,nc,0.95
37081,guilford-county-nc,nc,0.89
37083,halifax-county-nc,nc,0.75
37085,harnett-county-nc,nc,0.86
37087,haywood-county-nc,nc,0.85
37089,henderson-county-nc,nc,0.91
37091,hertford-county-nc,nc,0.86
37093,hoke-county-nc,nc,0.82
37095,hyde-county-nc,nc,0.91
37097,iredell-county-nc,nc,0.89
37099,jackson-county-nc,nc,0.92
37101,johnston-county-nc,nc,0.92
37103,jones-county-nc,nc,0.98
37105,lee-county-nc,nc,0.89
37107,lenoir-county-nc,nc,0.85
37109,lincoln-county-nc,nc,0.9
37111,mcdowell-county-nc,nc,0.91
37113,macon-county-nc,nc,0.87
37115,madison-county-nc,nc,0.7
37117,martin-county-nc,nc,0.85
37119,mecklenburg-county-nc,nc,0.85
37121,mitchell-county-nc,nc,0.85
37123,montgomery-county-nc,nc,0.9
37125,moore-county-nc,nc,0.89
37127,nash-county-nc,nc,0.83
37129,new-hanover-county-nc,nc,0.86
37131,northampton-county-nc,nc,0.63
37133,onslow-county-nc,nc,0.89
37135,orange-county-nc,nc,0.88
37137,pamlico-county-nc,nc,0.87
37139,pasquotank-county-nc,nc,0.83
37141,pender-county-nc,nc,0.9
37143,perquimans-county-nc,nc,0.9
37145,person-county-nc,nc,0.87
37147,pitt-county-nc,nc,0.85
37149,polk-county-nc,nc,0.92
37151,randolph-county-nc,nc,0.9
37153,richmond-county-nc,nc,0.81
37155,robeson-county-nc,nc,0.86
37157,rockingham-county-nc,nc,0.86
37159,rowan-county-nc,nc,0.85
37161,rutherford-county-nc,nc,0.84
37163,sampson-county-nc,nc,0.83
37165,scotland-county-nc,nc,0.87
37167,stanly-county-nc,nc,0.89
37169,stokes-county-nc,nc,0.83
37171,surry-county-nc,nc,0.91
37173,swain-county-nc,nc,0.79
37175,transylvania-county-nc,nc,0.86
37177,tyrrell-county-nc,nc,0.89
37179,union-county-nc,nc,0.93
37181,vance-county-nc,nc,0.82
37183,wake-county-nc,nc,0.89
37185,warren-county-nc,nc,0.71
37187,washington-county-nc,nc,0.73
37189,watauga-county-nc,nc,0.9
37191,wayne-county-nc,nc,0.83
37193,wilkes-county-nc,nc,0.88
37195,wilson-county-nc,nc,0.79
37197,yadkin-county-nc,nc,0.88
37199,yancey-county-nc,nc,0.92
38001,adams-county-nd,nd,
38003,barnes-county-nd,nd,0.88
38005,benson-county-nd,nd,
38007,billings-county-nd,nd,
38009,bottineau-county-nd,nd,
38011,bowman-county-nd,nd,
38013,burke-county-nd,nd,
38015,burleigh-county-nd,nd,0.88
38017,cass-county-nd,nd,0.86
38019,cavalier-county-nd,nd,
38021,dickey-county-nd,nd,
38023,divide-county-nd,nd,
38025,dunn-county-nd,nd,
38027,eddy-county-nd,nd,
38029,emmons-county-nd,nd,
38031,foster-county-nd,nd,
38033,golden-valley-county-nd,nd,
38035,grand-forks-county-nd,nd,0.86
38037,grant-county-nd,nd,
38039,griggs-county-nd,nd,
38041,hettinger-county-nd,nd,
38043,kidder-county-nd,nd,
38045,lamoure-county-nd,nd,
38047,logan-county-nd,nd,
38049,mchenry-county-nd,nd,
38051,mcintosh-county-nd,nd,
38053,mckenzie-county-nd,nd,0.82
38055,mclean-county-nd,nd,
38057,mercer-county-nd,nd,
38059,morton-county-nd,nd,0.82
38061,mountrail-county-nd,nd,
38063,nelson-county-nd,nd,
38065,oliver-county-nd,nd,
38067,pembina-county-nd,nd,
38069,pierce-county-nd,nd,
38071,ramsey-county-nd,nd,0.88
38073,ransom-county-nd,nd,
38075,renville-county-nd,nd,
38077,richland-county-nd,nd,0.8
38079,rolette-county-nd,nd,0.74
38081,sargent-county-nd,nd,
38083,sheridan-county-nd,nd,
38085,sioux-county-nd,nd,
38087,slope-county-nd,nd,
38089,stark-county-nd,nd,0.87
38091,steele-county-nd,nd,
38093,stutsman-county-nd,nd,0.86
38095,towner-county-nd,nd,
38097,traill-county-nd,nd,
38099,walsh-county-nd,nd,
38101,ward-county-nd,nd,0.88
38103,wells-county-nd,nd,
38105,williams-county-nd,nd,0.81
39001,adams-county-oh,oh,0.92
39003,allen-county-oh,oh,0.85
39005,ashland-county-oh,oh,0.94
39007,ashtabula-county-oh,oh,0.88
39009,athens-county-oh,oh,0.92
39011,auglaize-county-oh,oh,0.97
39013,belmont-county-oh,oh,0.89
39015,brown-county-oh,oh,0.94
39017,butler-county-oh,oh,0.9
39019,carroll-county-oh,oh,0.91
39021,champaign-county-oh,oh,0.91
39023,clark-county-oh,oh,0.88
39025,clermont-county-oh,oh,0.94
39027,clinton-county-oh,oh,0.88
39029,columbiana-county-oh,oh,0.93
39031,coshocton-county-oh,oh,0.93
39033,crawford-county-oh,oh,0.94
39035,cuyahoga-county-oh,oh,0.86
39037,darke-county-oh,oh,0.97
39039,defiance-county-oh,oh,0.97
39041,delaware-county-oh,oh,0.96
39043,erie-county-oh,oh,0.94
39045,fairfield-county-oh,oh,0.94
39047,fayette-county-oh,oh,0.91
39049,franklin-county-oh,oh,0.89
39051,fulton-county-oh,oh,0.93
39053,gallia-county-oh,oh,0.86
39055,geauga-county-oh,oh,0.96
39057,greene-county-oh,oh,0.92
39059,guernsey-county-oh,oh,0.87
39061,hamilton-county-oh,oh,0.87
39063,hancock-county-oh,oh,0.93
39065,hardin-county-oh,oh,0.94
39067,harrison-county-oh,oh,0.88
39069,henry-county-oh,oh,0.95
39071,highland-county-oh,oh,0.92
39073,hocking-county-oh,oh,0.95
39075,holmes-county-oh,oh,0.94
39077,huron-county-oh,oh,0.96
39079,jackson-county-oh,oh,0.94
39081,jefferson-county-oh,oh,0.93
39083,knox-county-oh,oh,0.93
39085,lake-county-oh,oh,0.92
39087,lawrence-county-oh,oh,0.95
39089,licking-county-oh,oh,0.92
39091,logan-county-oh,oh,0.96
39093,lorain-county-oh,oh,0.9
39095,lucas-county-oh,oh,0.84
39097,madison-county-oh,oh,0.95
39099,mahoning-county-oh,oh,0.9
39101,marion-county-oh,oh,0.9
39103,medina-county-oh,oh,0.95
39105,meigs-county-oh,oh,0.88
39107,mercer-county-oh,oh,0.96
39109,miami-county-oh,oh,0.95
39111,monroe-county-oh,oh,0.92
39113,montgomery-county-oh,oh,0.88
39115,morgan-county-oh,oh,0.87
39117,morrow-county-oh,oh,0.93
39119,muskingum-county-oh,oh,0.94
39121,noble-county-oh,oh,0.96
39123,ottawa-county-oh,oh,0.96
39125,paulding-county-oh,oh,0.97
39127,perry-county-oh,oh,0.91
39129,pickaway-county-oh,oh,0.93
39131,pike-county-oh,oh,0.89
39133,portage-county-oh,oh,0.92
39135,preble-county-oh,oh,0.93
39137,putnam-county-oh,oh,0.97
39139,richland-county-oh,oh,0.9
39141,ross-county-oh,oh,0.9
39143,sandusky-county-oh,oh,0.96
39145,scioto-county-oh,oh,0.95
39147,seneca-county-oh,oh,0.94
39149,shelby-county-oh,oh,0.92
39151,stark-county-oh,oh,0.92
39153,summit-county-oh,oh,0.9
39155,trumbull-county-oh,oh,0.91
39157,tuscarawas-county-oh,oh,0.86
39159,union-county-oh,oh,0.95
39161,van-wert-county-oh,oh,0.94
39163,vinton-county-oh,oh,0.89
39165,warren-county-oh,oh,0.97
39167,washington-county-oh,oh,0.92
39169,wayne-county-oh,oh,0.95
39171,williams-county-oh,oh,0.94
39173,wood-county-oh,oh,0.96
39175,wyandot-county-oh,oh,0.95
40001,adair-county-ok,ok,0.83
40003,alfalfa-county-ok,ok,
40005,atoka-county-ok,ok,0.8
40007,beaver-county-ok,ok,
40009,beckham-county-ok,ok,0.86
40011,blaine-county-ok,ok,
40013,bryan-county-ok,ok,0.84
40015,caddo-county-ok,ok,0.85
40017,canadian-county-ok,ok,0.93
40019,carter-county-ok,ok,0.85
40021,cherokee-county-ok,ok,0.86
40023,choctaw-county-ok,ok,0.8
40025,cimarron-county-ok,ok,
40027,cleveland-county-ok,ok,0.86
40029,coal-county-ok,ok,
40031,comanche-county-ok,ok,0.77
40033,cotton-county-ok,ok,
40035,craig-county-ok,ok,0.82
40037,creek-county-ok,ok,0.86
40039,custer-county-ok,ok,0.92
40041,delaware-county-ok,ok,0.9
40043,dewey-county-ok,ok,
40045,ellis-county-ok,ok,
40047,garfield-county-ok,ok,0.84
40049,garvin-county-ok,ok,0.84
40051,grady-county-ok,ok,0.85
40053,grant-county-ok,ok,
40055,greer-county-ok,ok,
40057,harmon-county-ok,ok,
40059,harper-county-ok,ok,
40061,haskell-county-ok,ok,0.89
40063,hughes-county-ok,ok,0.87
40065,jackson-county-ok,ok,0.77
40067,jefferson-county-ok,ok,
40069,johnston-county-ok,ok,0.78
40071,kay-county-ok,ok,0.85
40073,kingfisher-county-ok,ok,0.88
40075,kiowa-county-ok,ok,
40077,latimer-county-ok,ok,0.85
40079,le-flore-county-ok,ok,0.83
40081,lincoln-county-ok,ok,0.93
40083,logan-county-ok,ok,0.75
40085,love-county-ok,ok,0.85
40087,mcclain-county-ok,ok,
40089,mccurtain-county-ok,ok,0.83
40091,mcintosh-county-ok,ok,0.81
40093,major-county-ok,ok,0.89
40095,marshall-county-ok,ok,0.88
40097,mayes-county-ok,ok,0.84
40099,murray-county-ok,ok,0.82
40101,muskogee-county-ok,ok,0.83
40103,noble-county-ok,ok,0.9
40105,nowata-county-ok,ok,0.86
40107,okfuskee-county-ok,ok,0.84
40109,oklahoma-county-ok,ok,0.77
40111,okmulgee-county-ok,ok,0.82
40113,osage-county-ok,ok,0.88
40115,ottawa-county-ok,ok,0.81
40117,pawnee-county-ok,ok,0.89
40119,payne-county-ok,ok,0.85
40121,pittsburg-county-ok,ok,0.8
40123,pontotoc-county-ok,ok,0.86
40125,pottawatomie-county-ok,ok,0.8
40127,pushmataha-county-ok,ok,0.89
40129,roger-mills-county-ok,ok,
40131,rogers-county-ok,ok,0.86
40133,seminole-county-ok,ok,0.82
40135,sequoyah-county-ok,ok,0.81
40137,stephens-county-ok,ok,0.84
40139,texas-county-ok,ok,0.7
40141,tillman-county-ok,ok,
40143,tulsa-county-ok,ok,0.84
40145,wagoner-county-ok,ok,0.88
40147,washington-county-ok,ok,0.74
40149,washita-county-ok,ok,
40151,woods-county-ok,ok,0.84
40153,woodward-county-ok,ok,0.87
41001,baker-county-or,or,0.74
41003,benton-county-or,or,0.85
41005,clackamas-county-or,or,0.82
41007,clatsop-county-or,or,0.69
41009,columbia-county-or,or,0.81
41011,coos-county-or,or,0.57
41013,crook-county-or,or,0.72
41015,curry-county-or,or,0.7
41017,deschutes-county-or,or,0.79
41019,douglas-county-or,or,0.66
41021,gilliam-county-or,or,0.88
41023,grant-county-or,or,0.85
41025,harney-county-or,or,0.84
41027,hood-river-county-or,or,0.83
41029,jackson-county-or,or,0.77
41031,jefferson-county-or,or,0.74
41033,josephine-county-or,or,0.7
41035,klamath-county-or,or,0.73
41037,lake-county-or,or,0.79
41039,lane-county-or,or,0.73
41041,lincoln-county-or,or,0.78
41043,linn-county-or,or,0.75
41045,malheur-county-or,or,0.83
41047,marion-county-or,or,0.76
41049,morrow-county-or,or,0.79
41051,multnomah-county-or,or,0.75
41053,polk-county-or,or,0.8
41055,sherman-county-or,or,0.73
41057,tillamook-county-or,or,0.81
41059,umatilla-county-or,or,0.76
41061,union-county-or,or,0.86
41063,wallowa-county-or,or,0.92
41065,wasco-county-or,or,0.74
41067,washington-county-or,or,0.85
41069,wheeler-county-or,or,0.26
41071,yamhill-county-or,or,0.83
42001,adams-county-pa,pa,0.91
42003,allegheny-county-pa,pa,0.91
42005,armstrong-county-pa,pa,0.89
42007,beaver-county-pa,pa,0.7
42009,bedford-county-pa,pa,0.92
42011,berks-county-pa,pa,0.87
42013,blair-county-pa,pa,0.9
42015,bradford-county-pa,pa,0.91
42017,bucks-county-pa,pa,0.94
42019,butler-county-pa,pa,0.94
42021,cambria-county-pa,pa,0.93
42023,cameron-county-pa,pa,0.9
42025,carbon-county-pa,pa,0.9
42027,centre-county-pa,pa,0.92
42029,chester-county-pa,pa,0.91
42031,clarion-county-pa,pa,0.91
42033,clearfield-county-pa,pa,0.9
42035,clinton-county-pa,pa,0.93
42037,columbia-county-pa,pa,0.88
42039,crawford-county-pa,pa,0.92
42041,cumberland-county-pa,pa,0.93
42043,dauphin-county-pa,pa,0.8
42045,delaware-county-pa,pa,0.89
42047,elk-county-pa,pa,0.89
42049,erie-county-pa,pa,0.87
42051,fayette-county-pa,pa,0.85
42053,forest-county-pa,pa,0.9
42055,franklin-county-pa,pa,0.88
42057,fulton-county-pa,pa,0.91
42059,greene-county-pa,pa,0.91
42061,huntingdon-county-pa,pa,0.86
42063,indiana-county-pa,pa,0.93
42065,jefferson-county-pa,pa,0.93
42067,juniata-county-pa,pa,0.95
42069,lackawanna-county-pa,pa,0.88
42071,lancaster-county-pa,pa,0.91
42073,lawrence-county-pa,pa,0.94
42075,lebanon-county-pa,pa,0.85
42077,lehigh-county-pa,pa,0.87
42079,luzerne-county-pa,pa,0.86
42081,lycoming-county-pa,pa,0.9
42083,mckean-county-pa,pa,0.9
42085,mercer-county-pa,pa,0.93
42087,mifflin-county-pa,pa,0.9
42089,monroe-county-pa,pa,0.93
42091,montgomery-county-pa,pa,0.87
42093,montour-county-pa,pa,0.96
42095,northampton-county-pa,pa,0.89
42097,northumberland-county-pa,pa,0.88
42099,perry-county-pa,pa,0.92
42101,philadelphia-county-pa,pa,0.79
42103,pike-county-pa,pa,0.89
42105,potter-county-pa,pa,0.87
42107,schuylkill-county-pa,pa,0.91
42109,snyder-county-pa,pa,0.9
42111,somerset-county-pa,pa,0.92
42113,sullivan-county-pa,pa,0.92
42115,susquehanna-county-pa,pa,0.91
42117,tioga-county-pa,pa,0.87
42119,union-county-pa,pa,0.95
42121,venango-county-pa,pa,0.92
42123,warren-county-pa,pa,0.92
42125,washington-county-pa,pa,0.93
42127,wayne-county-pa,pa,0.95
42129,westmoreland-county-pa,pa,0.94
42131,wyoming-county-pa,pa,0.9
42133,york-county-pa,pa,0.9
44001,bristol-county-ri,ri,0.93
44003,kent-county-ri,ri,0.92
44005,newport-county-ri,ri,0.91
44007,providence-county-ri,ri,0.82
44009,washington-county-ri,ri,0.93
45001,abbeville-county-sc,sc,0.88
45003,aiken-county-sc,sc,0.9
45005,allendale-county-sc,sc,0.84
45007,anderson-county-sc,sc,0.88
45009,bamberg-county-sc,sc,0.82
45011,barnwell-county-sc,sc,0.86
45013,beaufort-county-sc,sc,0.84
45015,berkeley-county-sc,sc,0.83
45017,calhoun-county-sc,sc,0.9
45019,charleston-county-sc,sc,0.85
45021,cherokee-county-sc,sc,0.84
45023,chester-county-sc,sc,0.86
45025,chesterfield-county-sc,sc,0.9
45027,clarendon-county-sc,sc,0.81
45029,colleton-county-sc,sc,0.87
45031,darlington-county-sc,sc,0.9
45033,dillon-county-sc,sc,0.88
45035,dorchester-county-sc,sc,0.86
45037,edgefield-county-sc,sc,0.89
45039,fairfield-county-sc,sc,0.91
45041,florence-county-sc,sc,0.85
45043,georgetown-county-sc,sc,0.9
45045,greenville-county-sc,sc,0.87
45047,greenwood-county-sc,sc,0.84
45049,hampton-county-sc,sc,0.86
45051,horry-county-sc,sc,0.8
45053,jasper-county-sc,sc,0.75
45055,kershaw-county-sc,sc,0.85
45057,lancaster-county-sc,sc,0.83
45059,laurens-county-sc,sc,0.81
45061,lee-county-sc,sc,0.85
45063,lexington-county-sc,sc,0.86
45065,mccormick-county-sc,sc,0.86
45067,marion-county-sc,sc,0.84
45069,marlboro-county-sc,sc,0.81
45071,newberry-county-sc,sc,0.84
45073,oconee-county-sc,sc,0.86
45075,orangeburg-county-sc,sc,0.82
45077,pickens-county-sc,sc,0.84
45079,richland-county-sc,sc,0.7
45081,saluda-county-sc,sc,0.73
45083,spartanburg-county-sc,sc,0.88
45085,sumter-county-sc,sc,0.84
45087,union-county-sc,sc,0.76
45089,williamsburg-county-sc,sc,0.86
45091,york-county-sc,sc,0.89
46003,aurora-county-sd,sd,0.84
46005,beadle-county-sd,sd,0.73
46007,bennett-county-sd,sd,0.68
46009,bon-homme-county-sd,sd,0.97
46011,brookings-county-sd,sd,0.88
46013,brown-county-sd,sd,0.9
46015,brule-county-sd,sd,0.85
46017,buffalo-county-sd,sd,
46019,butte-county-sd,sd,0.94
46021,campbell-county-sd,sd,0.73
46023,charles-mix-county-sd,sd,0.73
46025,clark-county-sd,sd,0.92
46027,clay-county-sd,sd,0.89
46029,codington-county-sd,sd,0.89
46031,corson-county-sd,sd,0.66
46033,custer-county-sd,sd,0.95
46035,davison-county-sd,sd,0.91
46037,day-county-sd,sd,1
46039,deuel-county-sd,sd,0.95
46041,dewey-county-sd,sd,0.86
46043,douglas-county-sd,sd,0.97
46045,edmunds-county-sd,sd,0.97
46047,fall-river-county-sd,sd,0.8
46049,faulk-county-sd,sd,1
46051,grant-county-sd,sd,0.91
46053,gregory-county-sd,sd,0.94
46055,haakon-county-sd,sd,1
46057,hamlin-county-sd,sd,0.97
46059,hand-county-sd,sd,1
46061,hanson-county-sd,sd,0.98
46063,harding-county-sd,sd,0.86
46065,hughes-county-sd,sd,0.83
46067,hutchinson-county-sd,sd,0.9
46069,hyde-county-sd,sd,1
46071,jackson-county-sd,sd,0.88
46073,jerauld-county-sd,sd,0.95
46075,jones-county-sd,sd,
46077,kingsbury-county-sd,sd,0.94
46079,lake-county-sd,sd,0.96
46081,lawrence-county-sd,sd,0.95
46083,lincoln-county-sd,sd,0.91
46085,lyman-county-sd,sd,0.76
46087,mccook-county-sd,sd,0.98
46089,mcpherson-county-sd,sd,0.97
46091,marshall-county-sd,sd,0.88
46093,meade-county-sd,sd,0.82
46095,mellette-county-sd,sd,0.82
46097,miner-county-sd,sd,0.97
46099,minnehaha-county-sd,sd,0.88
46101,moody-county-sd,sd,0.89
46102,oglala-lakota-county-sd,sd,
46103,pennington-county-sd,sd,0.8
46105,perkins-county-sd,sd,0.97
46107,potter-county-sd,sd,0.93
46109,roberts-county-sd,sd,0.84
46111,sanborn-county-sd,sd,1
46115,spink-county-sd,sd,0.93
46117,stanley-county-sd,sd,0.95
46119,sully-county-sd,sd,0.93
46121,todd-county-sd,sd,0.65
46123,tripp-county-sd,sd,0.92
46125,turner-county-sd,sd,0.87
46127,union-county-sd,sd,0.93
46129,walworth-county-sd,sd,0.96
46135,yankton-county-sd,sd,0.96
46137,ziebach-county-sd,sd,0.73
47001,anderson-county-tn,tn,0.92
47003,bedford-county-tn,tn,0.91
47005,benton-county-tn,tn,0.96
47007,bledsoe-county-tn,tn,0.85
47009,blount-county-tn,tn,0.94
47011,bradley-county-tn,tn,0.91
47013,campbell-county-tn,tn,0.94
47015,cannon-county-tn,tn,0.93
47017,carroll-county-tn,tn,0.96
47019,carter-county-tn,tn,0.94
47021,cheatham-county-tn,tn,0.9
47023,chester-county-tn,tn,0.94
47025,claiborne-county-tn,tn,0.92
47027,clay-county-tn,tn,1
47029,cocke-county-tn,tn,0.93
47031,coffee-county-tn,tn,0.9
47033,crockett-county-tn,tn,0.98
47035,cumberland-county-tn,tn,0.9
47037,davidson-county-tn,tn,0.8
47039,decatur-county-tn,tn,0.95
47041,dekalb-county-tn,tn,0.95
47043,dickson-county-tn,tn,0.96
47045,dyer-county-tn,tn,0.96
47047,fayette-county-tn,tn,0.9
47049,fentress-county-tn,tn,0.95
47051,franklin-county-tn,tn,0.93
47053,gibson-county-tn,tn,0.94
47055,giles-county-tn,tn,0.91
47057,grainger-county-tn,tn,0.94
47059,greene-county-tn,tn,0.94
47061,grundy-county-tn,tn,0.94
47063,hamblen-county-tn,tn,0.94
47065,hamilton-county-tn,tn,0.85
47067,hancock-county-tn,tn,0.88
47069,hardeman-county-tn,tn,0.88
47071,hardin-county-tn,tn,0.91
47073,hawkins-county-tn,tn,0.97
47075,haywood-county-tn,tn,0.89
47077,henderson-county-tn,tn,0.98
47079,henry-county-tn,tn,0.91
47081,hickman-county-tn,tn,0.95
47083,houston-county-tn,tn,0.97
47085,humphreys-county-tn,tn,0.91
47087,jackson-county-tn,tn,0.86
47089,jefferson-county-tn,tn,0.96
47091,johnson-county-tn,tn,0.96
47093,knox-county-tn,tn,0.9
47095,lake-county-tn,tn,0.96
47097,lauderdale-county-tn,tn,0.98
47099,lawrence-county-tn,tn,0.95
47101,lewis-county-tn,tn,0.93
47103,lincoln-county-tn,tn,0.95
47105,loudon-county-tn,tn,0.91
47107,mcminn-county-tn,tn,0.88
47109,mcnairy-county-tn,tn,0.87
47111,macon-county-tn,tn,0.88
47113,madison-county-tn,tn,0.94
47115,marion-county-tn,tn,0.91
47117,marshall-county-tn,tn,0.94
47119,maury-county-tn,tn,0.95
47121,meigs-county-tn,tn,0.97
47123,monroe-county-tn,tn,0.91
47125,montgomery-county-tn,tn,0.95
47127,moore-county-tn,tn,0.92
47129,morgan-county-tn,tn,0.98
47131,obion-county-tn,tn,0.84
47133,overton-county-tn,tn,0.86
47135,perry-county-tn,tn,0.97
47137,pickett-county-tn,tn,0.97
47139,polk-county-tn,tn,0.91
47141,putnam-county-tn,tn,0.92
47143,rhea-county-tn,tn,0.87
47145,roane-county-tn,tn,0.95
47147,robertson-county-tn,tn,0.97
47149,rutherford-county-tn,tn,0.95
47151,scott-county-tn,tn,0.96
47153,sequatchie-county-tn,tn,0.86
47155,sevier-county-tn,tn,0.89
47157,shelby-county-tn,tn,0.8
47159,smith-county-tn,tn,0.92
47161,stewart-county-tn,tn,0.97
47163,sullivan-county-tn,tn,0.94
47165,sumner-county-tn,tn,0.95
47167,tipton-county-tn,tn,0.97
47169,trousdale-county-tn,tn,0.98
47171,unicoi-county-tn,tn,0.86
47173,union-county-tn,tn,0.87
47175,van-buren-county-tn,tn,0.9
47177,warren-county-tn,tn,0.94
47179,washington-county-tn,tn,0.92
47181,wayne-county-tn,tn,0.96
47183,weakley-county-tn,tn,0.92
47185,white-county-tn,tn,0.94
47187,williamson-county-tn,tn,0.96
47189,wilson-county-tn,tn,0.96
48001,anderson-county-tx,tx,0.97
48003,andrews-county-tx,tx,0.96
48005,angelina-county-tx,tx,0.92
48007,aransas-county-tx,tx,0.89
48009,archer-county-tx,tx,0.99
48011,armstrong-county-tx,tx,1
48013,atascosa-county-tx,tx,0.93
48015,austin-county-tx,tx,0.97
48017,bailey-county-tx,tx,1
48019,bandera-county-tx,tx,0.92
48021,bastrop-county-tx,tx,0.94
48023,baylor-county-tx,tx,0.98
48025,bee-county-tx,tx,0.89
48027,bell-county-tx,tx,0.75
48029,bexar-county-tx,tx,0.87
48031,blanco-county-tx,tx,0.97
48033,borden-county-tx,tx,1
48035,bosque-county-tx,tx,0.97
48037,bowie-county-tx,tx,0.96
48039,brazoria-county-tx,tx,0.94
48041,brazos-county-tx,tx,0.86
48043,brewster-county-tx,tx,0.99
48045,briscoe-county-tx,tx,1
48047,brooks-county-tx,tx,0.9
48049,brown-county-tx,tx,0.97
48051,burleson-county-tx,tx,0.94
48053,burnet-county-tx,tx,0.93
48055,caldwell-county-tx,tx,0.9
48057,calhoun-county-tx,tx,0.93
48059,callahan-county-tx,tx,0.94
48061,cameron-county-tx,tx,0.9
48063,camp-county-tx,tx,0.98
48065,carson-county-tx,tx,0.99
48067,cass-county-tx,tx,0.97
48069,castro-county-tx,tx,0.97
48071,chambers-county-tx,tx,0.98
48073,cherokee-county-tx,tx,0.91
48075,childress-county-tx,tx,0.94
48077,clay-county-tx,tx,0.97
48079,cochran-county-tx,tx,0.98
48081,coke-county-tx,tx,0.98
48083,coleman-county-tx,tx,0.91
48085,collin-county-tx,tx,0.97
48087,collingsworth-county-tx,tx,1
48089,colorado-county-tx,tx,0.8
48091,comal-county-tx,tx,0.94
48093,comanche-county-tx,tx,0.99
48095,concho-county-tx,tx,0.93
48097,cooke-county-tx,tx,0.95
48099,coryell-county-tx,tx,0.95
48101,cottle-county-tx,tx,0.8
48103,crane-county-tx,tx,0.95
48105,crockett-county-tx,tx,0.95
48107,crosby-county-tx,tx,0.94
48109,culberson-county-tx,tx,0.96
48111,dallam-county-tx,tx,0.99
48113,dallas-county-tx,tx,0.84
48115,dawson-county-tx,tx,0.99
48117,deaf-smith-county-tx,tx,0.88
48119,delta-county-tx,tx,0.98
48121,denton-county-tx,tx,0.95
48123,dewitt-county-tx,tx,0.97
48125,dickens-county-tx,tx,0.96
48127,dimmit-county-tx,tx,0.79
48129,donley-county-tx,tx,0.98
48131,duval-county-tx,tx,0.86
48133,eastland-county-tx,tx,0.96
48135,ector-county-tx,tx,0.81
48137,edwards-county-tx,tx,0.98
48139,ellis-county-tx,tx,0.87
48141,el-paso-county-tx,tx,0.93
48143,erath-county-tx,tx,0.62
48145,falls-county-tx,tx,0.97
48147,fannin-county-tx,tx,0.98
48149,fayette-county-tx,tx,0.97
48151,fisher-county-tx,tx,1
48153,floyd-county-tx,tx,0.95
48155,foard-county-tx,tx,1
48157,fort-bend-county-tx,tx,0.94
48159,franklin-county-tx,tx,0.97
48161,freestone-county-tx,tx,0.96
48163,frio-county-tx,tx,0.87
48165,gaines-county-tx,tx,0.97
48167,galveston-county-tx,tx,0.92
48169,garza-county-tx,tx,0.84
48171,gillespie-county-tx,tx,0.92
48173,glasscock-county-tx,tx,1
48175,goliad-county-tx,tx,0.98
48177,gonzales-county-tx,tx,0.91
48179,gray-county-tx,tx,0.95
48181,grayson-county-tx,tx,0.93
48183,gregg-county-tx,tx,0.93
48185,grimes-county-tx,tx,0.95
48187,guadalupe-county-tx,tx,0.95
48189,hale-county-tx,tx,0.91
48191,hall-county-tx,tx,0.97
48193,hamilton-county-tx,tx,0.93
48195,hansford-county-tx,tx,0.98
48197,hardeman-county-tx,tx,1
48199,hardin-county-tx,tx,0.96
48201,harris-county-tx,tx,0.87
48203,harrison-county-tx,tx,0.93
48205,hartley-county-tx,tx,0.97
48207,haskell-county-tx,tx,0.95
48209,hays-county-tx,tx,0.88
48211,hemphill-county-tx,tx,0.98
48213,henderson-county-tx,tx,0.96
48215,hidalgo-county-tx,tx,0.9
48217,hill-county-tx,tx,0.97
48219,hockley-county-tx,tx,0.88
48221,hood-county-tx,tx,0.94
48223,hopkins-county-tx,tx,0.95
48225,houston-county-tx,tx,0.96
48227,howard-county-tx,tx,0.9
48229,hudspeth-county-tx,tx,0.98
48231,hunt-county-tx,tx,0.94
48233,hutchinson-county-tx,tx,0.95
48235,irion-county-tx,tx,1
48237,jack-county-tx,tx,0.96
48239,jackson-county-tx,tx,0.98
48241,jasper-county-tx,tx,0.95
48243,jeff-davis-county-tx,tx,1
48245,jefferson-county-tx,tx,0.88
48247,jim-hogg-county-tx,tx,0.96
48249,jim-wells-county-tx,tx,0.86
48251,johnson-county-tx,tx,0.95
48253,jones-county-tx,tx,0.98
48255,karnes-county-tx,tx,0.93
48257,kaufman-county-tx,tx,0.96
48259,kendall-county-tx,tx,0.98
48261,kenedy-county-tx,tx,
48263,kent-county-tx,tx,1
48265,kerr-county-tx,tx,0.94
48267,kimble-county-tx,tx,1
48269,king-county-tx,tx,1
48271,kinney-county-tx,tx,0.96
48273,kleberg-county-tx,tx,0.89
48275,knox-county-tx,tx,0.99
48277,lamar-county-tx,tx,0.88
48279,lamb-county-tx,tx,0.96
48281,lampasas-county-tx,tx,0.98
48283,la-salle-county-tx,tx,0.99
48285,lavaca-county-tx,tx,0.99
48287,lee-county-tx,tx,0.95
48289,leon-county-tx,tx,0.97
48291,liberty-county-tx,tx,0.91
48293,limestone-county-tx,tx,0.95
48295,lipscomb-county-tx,tx,0.98
48297,live-oak-county-tx,tx,0.92
48299,llano-county-tx,tx,0.96
48301,loving-county-tx,tx,
48303,lubbock-county-tx,tx,0.91
48305,lynn-county-tx,tx,0.96
48307,mcculloch-county-tx,tx,0.98
48309,mclennan-county-tx,tx,0.97
48311,mcmullen-county-tx,tx,1
48313,madison-county-tx,tx,0.98
48315,marion-county-tx,tx,0.93
48317,martin-county-tx,tx,0.92
48319,mason-county-tx,tx,0.99
48321,matagorda-county-tx,tx,0.91
48323,maverick-county-tx,tx,1
48325,medina-county-tx,tx,0.95
48327,menard-county-tx,tx,0.95
48329,midland-county-tx,tx,0.89
48331,milam-county-tx,tx,0.95
48333,mills-county-tx,tx,0.63
48335,mitchell-county-tx,tx,0.94
48337,montague-county-tx,tx,0.98
48339,montgomery-county-tx,tx,0.93
48341,moore-county-tx,tx,0.99
48343,morris-county-tx,tx,0.92
48345,motley-county-tx,tx,0.8
48347,nacogdoches-county-tx,tx,0.91
48349,navarro-county-tx,tx,0.95
48351,newton-county-tx,tx,0.93
48353,nolan-county-tx,tx,0.93
48355,nueces-county-tx,tx,0.9
48357,ochiltree-county-tx,tx,0.97
48359,oldham-county-tx,tx,0.97
48361,orange-county-tx,tx,0.91
48363,palo-pinto-county-tx,tx,0.96
48365,panola-county-tx,tx,0.95
48367,parker-county-tx,tx,0.96
48369,parmer-county-tx,tx,0.98
48371,pecos-county-tx,tx,0.7
48373,polk-county-tx,tx,0.96
48375,potter-county-tx,tx,0.9
48377,presidio-county-tx,tx,0.92
48379,rains-county-tx,tx,0.91
48381,randall-county-tx,tx,0.96
48383,reagan-county-tx,tx,0.88
48385,real-county-tx,tx,0.74
48387,red-river-county-tx,tx,0.98
48389,reeves-county-tx,tx,0.92
48391,refugio-county-tx,tx,0.97
48393,roberts-county-tx,tx,1
48395,robertson-county-tx,tx,0.94
48397,rockwall-county-tx,tx,0.97
48399,runnels-county-tx,tx,0.96
48401,rusk-county-tx,tx,0.95
48403,sabine-county-tx,tx,0.95
48405,san-augustine-county-tx,tx,0.96
48407,san-jacinto-county-tx,tx,0.91
48409,san-patricio-county-tx,tx,0.93
48411,san-saba-county-tx,tx,0.99
48413,schleicher-county-tx,tx,1
48415,scurry-county-tx,tx,0.9
48417,shackelford-county-tx,tx,1
48419,shelby-county-tx,tx,0.93
48421,sherman-county-tx,tx,0.96
48423,smith-county-tx,tx,0.92
48425,somervell-county-tx,tx,0.88
48427,starr-county-tx,tx,0.93
48429,stephens-county-tx,tx,0.88
48431,sterling-county-tx,tx,1
48433,stonewall-county-tx,tx,1
48435,sutton-county-tx,tx,0.96
48437,swisher-county-tx,tx,0.92
48439,tarrant-county-tx,tx,0.91
48441,taylor-county-tx,tx,0.9
48443,terrell-county-tx,tx,0.92
48445,terry-county-tx,tx,0.96
48447,throckmorton-county-tx,tx,0.96
48449,titus-county-tx,tx,0.97
48451,tom-green-county-tx,tx,0.93
48453,travis-county-tx,tx,0.89
48455,trinity-county-tx,tx,0.94
48457,tyler-county-tx,tx,0.96
48459,upshur-county-tx,tx,0.95
48461,upton-county-tx,tx,0.93
48463,uvalde-county-tx,tx,0.89
48465,val-verde-county-tx,tx,0.83
48467,van-zandt-county-tx,tx,0.92
48469,victoria-county-tx,tx,0.87
48471,walker-county-tx,tx,0.77
48473,waller-county-tx,tx,0.95
48475,ward-county-tx,tx,0.95
48477,washington-county-tx,tx,0.91
48479,webb-county-tx,tx,0.93
48481,wharton-county-tx,tx,0.96
48483,wheeler-county-tx,tx,0.95
48485,wichita-county-tx,tx,0.97
48487,wilbarger-county-tx,tx,0.85
48489,willacy-county-tx,tx,0.88
48491,williamson-county-tx,tx,0.95
48493,wilson-county-tx,tx,0.94
48495,winkler-county-tx,tx,0.99
48497,wise-county-tx,tx,0.97
48499,wood-county-tx,tx,0.95
48501,yoakum-county-tx,tx,0.98
48503,young-county-tx,tx,0.97
48505,zapata-county-tx,tx,0.9
48507,zavala-county-tx,tx,0.92
49001,beaver-county-ut,ut,0.85
49003,box-elder-county-ut,ut,0.84
49005,cache-county-ut,ut,0.92
49007,carbon-county-ut,ut,0.95
49009,daggett-county-ut,ut,
49011,davis-county-ut,ut,0.95
49013,duchesne-county-ut,ut,0.88
49015,emery-county-ut,ut,0.94
49017,garfield-county-ut,ut,0.93
49019,grand-county-ut,ut,0.83
49021,iron-county-ut,ut,0.9
49023,juab-county-ut,ut,0.95
49025,kane-county-ut,ut,0.98
49027,millard-county-ut,ut,0.91
49029,morgan-county-ut,ut,0.93
49031,piute-county-ut,ut,0.95
49033,rich-county-ut,ut,0.95
49035,salt-lake-county-ut,ut,0.82
49037,san-juan-county-ut,ut,0.92
49039,sanpete-county-ut,ut,0.82
49041,sevier-county-ut,ut,0.83
49043,summit-county-ut,ut,0.94
49045,tooele-county-ut,ut,0.87
49047,uintah-county-ut,ut,0.83
49049,utah-county-ut,ut,0.91
49051,wasatch-county-ut,ut,0.92
49053,washington-county-ut,ut,0.89
49055,wayne-county-ut,ut,0.95
49057,weber-county-ut,ut,0.84
50001,addison-county-vt,vt,0.94
50003,bennington-county-vt,vt,0.82
50005,caledonia-county-vt,vt,0.81
50007,chittenden-county-vt,vt,0.9
50009,essex-county-vt,vt,
50011,franklin-county-vt,vt,0.92
50013,grand-isle-county-vt,vt,
50015,lamoille-county-vt,vt,0.88
50017,orange-county-vt,vt,0.89
50019,orleans-county-vt,vt,0.89
50021,rutland-county-vt,vt,0.9
50023,washington-county-vt,vt,0.9
50025,windham-county-vt,vt,0.85
50027,windsor-county-vt,vt,0.88
51001,accomack-county-va,va,0.86
51003,albemarle-county-va,va,0.93
51005,alleghany-county-va,va,0.81
51007,amelia-county-va,va,0.94
51009,amherst-county-va,va,0.9
51011,appomattox-county-va,va,0.93
51013,arlington-county-va,va,0.94
51015,augusta-county-va,va,0.92
51017,bath-county-va,va,0.95
51019,bedford-county-va,va,0.94
51021,bland-county-va,va,0.92
51023,botetourt-county-va,va,0.95
51025,brunswick-county-va,va,0.95
51027,buchanan-county-va,va,0.91
51029,buckingham-county-va,va,0.89
51031,campbell-county-va,va,0.9
51033,caroline-county-va,va,0.95
51035,carroll-county-va,va,0.87
51036,charles-city-county-va,va,0.91
51037,charlotte-county-va,va,0.88
51041,chesterfield-county-va,va,0.91
51043,clarke-county-va,va,0.9
51045,craig-county-va,va,0.89
51047,culpeper-county-va,va,0.93
51049,cumberland-county-va,va,0.93
51051,dickenson-county-va,va,0.91
51053,dinwiddie-county-va,va,0.99
51057,essex-county-va,va,0.92
51059,fairfax-county-va,va,0.81
51061,fauquier-county-va,va,0.88
51063,floyd-county-va,va,0.92
51065,fluvanna-county-va,va,0.94
51067,franklin-county-va,va,0.81
51069,frederick-county-va,va,0.91
51071,giles-county-va,va,0.88
51073,gloucester-county-va,va,
51075,goochland-county-va,va,0.93
51077,grayson-county-va,va,0.92
51079,greene-county-va,va,
51081,greensville-county-va,va,0.99
51083,halifax-county-va,va,0.96
51085,hanover-county-va,va,0.98
51087,henrico-county-va,va,0.96
51089,henry-county-va,va,0.9
51091,highland-county-va,va,0.93
51093,isle-of-wight-county-va,va,0.93
51095,james-city-county-va,va,0.83
51097,king-and-queen-county-va,va,0.93
51099,king-george-county-va,va,0.93
51101,king-william-county-va,va,0.93
51103,lancaster-county-va,va,0.94
51105,lee-county-va,va,0.91
51107,loudoun-county-va,va,0.95
51109,louisa-county-va,va,0.89
51111,lunenburg-county-va,va,0.95
51113,madison-county-va,va,0.93
51115,mathews-county-va,va,0.95
51117,mecklenburg-county-va,va,0.88
51119,middlesex-county-va,va,0.92
51121,montgomery-county-va,va,0.88
51125,nelson-county-va,va,1
51127,new-kent-county-va,va,0.91
51131,northampton-county-va,va,0.96
51133,northumberland-county-va,va,0.92
51135,nottoway-county-va,va,0.87
51137,orange-county-va,va,0.95
51139,page-county-va,va,0.92
51141,patrick-county-va,va,0.89
51143,pittsylvania-county-va,va,0.85
51145,powhatan-county-va,va,
51147,prince-edward-county-va,va,0.96
51149,prince-george-county-va,va,0.94
51153,prince-william-county-va,va,0.8
51155,pulaski-county-va,va,0.86
51157,rappahannock-county-va,va,0.96
51159,richmond-county-va,va,0.78
51161,roanoke-county-va,va,0.89
51163,rockbridge-county-va,va,0.87
51165,rockingham-county-va,va,0.94
51167,russell-county-va,va,0.89
51169,scott-county-va,va,0.94
51171,shenandoah-county-va,va,0.95
51173,smyth-county-va,va,0.92
51175,southampton-county-va,va,0.94
51177,spotsylvania-county-va,va,0.93
51179,stafford-county-va,va,0.82
51181,surry-county-va,va,0.91
51183,sussex-county-va,va,0.95
51185,tazewell-county-va,va,0.95
51187,warren-county-va,va,0.91
51191,washington-county-va,va,0.93
51193,westmoreland-county-va,va,1
51195,wise-county-va,va,0.93
51197,wythe-county-va,va,0.83
51199,york-county-va,va,0.91
51510,alexandria-city-va,va,0.96
51520,bristol-city-va,va,0.86
51530,buena-vista-city-va,va,0.94
51540,charlottesville-city-va,va,0.89
51550,chesapeake-city-va,va,0.91
51570,colonial-heights-city-va,va,0.92
51580,covington-city-va,va,0.95
51590,danville-city-va,va,0.97
51595,emporia-city-va,va,0.95
51600,fairfax-city-va,va,0.95
51610,falls-church-city-va,va,0.75
51620,franklin-city-va,va,0.95
51630,fredericksburg-city-va,va,0.9
51640,galax-city-va,va,0.91
51650,hampton-city-va,va,0.94
51660,harrisonburg-city-va,va,0.9
51670,hopewell-city-va,va,0.97
51678,lexington-city-va,va,0.95
51680,lynchburg-city-va,va,0.97
51683,manassas-city-va,va,0.95
51685,manassas-park-city-va,va,0.87
51690,martinsville-city-va,va,0.91
51700,newport-news-city-va,va,0.95
51710,norfolk-city-va,va,0.9
51720,norton-city-va,va,0.87
51730,petersburg-city-va,va,0.94
51735,poquoson-city-va,va,0.89
51740,portsmouth-city-va,va,0.89
51750,radford-city-va,va,0.93
51760,richmond-city-va,va,0.94
51770,roanoke-city-va,va,0.94
51775,salem-city-va,va,0.83
51790,staunton-city-va,va,0.92
51800,suffolk-city-va,va,0.92
51810,virginia-beach-city-va,va,0.89
51820,waynesboro-city-va,va,0.96
51830,williamsburg-city-va,va,0.94
51840,winchester-city-va,va,0.97
53001,adams-county-wa,wa,0.77
53003,asotin-county-wa,wa,0.78
53005,benton-county-wa,wa,0.77
53007,chelan-county-wa,wa,0.81
53009,clallam-county-wa,wa,0.81
53011,clark-county-wa,wa,0.84
53013,columbia-county-wa,wa,0.83
53015,cowlitz-county-wa,wa,0.81
53017,douglas-county-wa,wa,0.85
53019,ferry-county-wa,wa,0.79
53021,franklin-county-wa,wa,0.75
53023,garfield-county-wa,wa,0.86
53025,grant-county-wa,wa,0.79
53027,grays-harbor-county-wa,wa,0.82
53029,island-county-wa,wa,0.88
53031,jefferson-county-wa,wa,0.8
53033,king-county-wa,wa,0.84
53035,kitsap-county-wa,wa,0.82
53037,kittitas-county-wa,wa,0.83
53039,klickitat-county-wa,wa,0.85
53041,lewis-county-wa,wa,0.84
53043,lincoln-county-wa,wa,0.95
53045,mason-county-wa,wa,0.75
53047,okanogan-county-wa,wa,0.89
53049,pacific-county-wa,wa,0.89
53051,pend-oreille-county-wa,wa,0.91
53053,pierce-county-wa,wa,0.87
53055,san-juan-county-wa,wa,0.89
53057,skagit-county-wa,wa,0.75
53059,skamania-county-wa,wa,0.82
53061,snohomish-county-wa,wa,0.86
53063,spokane-county-wa,wa,0.85
53065,stevens-county-wa,wa,0.83
53067,thurston-county-wa,wa,0.85
53069,wahkiakum-county-wa,wa,0.84
53071,walla-walla-county-wa,wa,0.77
53073,whatcom-county-wa,wa,0.81
53075,whitman-county-wa,wa,0.92
53077,yakima-county-wa,wa,0.79
54001,barbour-county-wv,wv,0.91
54003,berkeley-county-wv,wv,0.94
54005,boone-county-wv,wv,0.88
54007,braxton-county-wv,wv,0.9
54009,brooke-county-wv,wv,0.92
54011,cabell-county-wv,wv,0.82
54013,calhoun-county-wv,wv,0.94
54015,clay-county-wv,wv,0.89
54017,doddridge-county-wv,wv,0.96
54019,fayette-county-wv,wv,0.84
54021,gilmer-county-wv,wv,0.96
54023,grant-county-wv,wv,0.95
54025,greenbrier-county-wv,wv,0.9
54027,hampshire-county-wv,wv,0.84
54029,hancock-county-wv,wv,0.9
54031,hardy-county-wv,wv,0.93
54033,harrison-county-wv,wv,0.88
54035,jackson-county-wv,wv,0.96
54037,jefferson-county-wv,wv,0.89
54039,kanawha-county-wv,wv,0.83
54041,lewis-county-wv,wv,0.88
54043,lincoln-county-wv,wv,0.93
54045,logan-county-wv,wv,0.91
54047,mcdowell-county-wv,wv,0.93
54049,marion-county-wv,wv,0.91
54051,marshall-county-wv,wv,0.91
54053,mason-county-wv,wv,0.83
54055,mercer-county-wv,wv,0.89
54057,mineral-county-wv,wv,0.97
54059,mingo-county-wv,wv,0.94
54061,monongalia-county-wv,wv,0.9
54063,monroe-county-wv,wv,0.97
54065,morgan-county-wv,wv,0.94
54067,nicholas-county-wv,wv,0.93
54069,ohio-county-wv,wv,0.97
54071,pendleton-county-wv,wv,0.98
54073,pleasants-county-wv,wv,0.93
54075,pocahontas-county-wv,wv,0.88
54077,preston-county-wv,wv,0.83
54079,putnam-county-wv,wv,0.93
54081,raleigh-county-wv,wv,0.87
54083,randolph-county-wv,wv,0.9
54085,ritchie-county-wv,wv,0.85
54087,roane-county-wv,wv,0.9
54089,summers-county-wv,wv,0.86
54091,taylor-county-wv,wv,0.89
54093,tucker-county-wv,wv,0.96
54095,tyler-county-wv,wv,0.92
54097,upshur-county-wv,wv,0.91
54099,wayne-county-wv,wv,0.87
54101,webster-county-wv,wv,0.95
54103,wetzel-county-wv,wv,0.93
54105,wirt-county-wv,wv,0.88
54107,wood-county-wv,wv,0.9
54109,wyoming-county-wv,wv,0.89
55001,adams-county-wi,wi,0.92
55003,ashland-county-wi,wi,0.89
55005,barron-county-wi,wi,0.91
55007,bayfield-county-wi,wi,0.94
55009,brown-county-wi,wi,0.9
55011,buffalo-county-wi,wi,0.97
55013,burnett-county-wi,wi,0.83
55015,calumet-county-wi,wi,0.96
55017,chippewa-county-wi,wi,0.9
55019,clark-county-wi,wi,0.96
55021,columbia-county-wi,wi,0.94
55023,crawford-county-wi,wi,0.94
55025,dane-county-wi,wi,0.91
55027,dodge-county-wi,wi,0.9
55029,door-county-wi,wi,0.95
55031,douglas-county-wi,wi,0.89
55033,dunn-county-wi,wi,0.9
55035,eau-claire-county-wi,wi,0.87
55037,florence-county-wi,wi,0.94
55039,fond-du-lac-county-wi,wi,0.89
55041,forest-county-wi,wi,0.93
55043,grant-county-wi,wi,0.94
55045,green-county-wi,wi,0.96
55047,green-lake-county-wi,wi,0.92
55049,iowa-county-wi,wi,0.97
55051,iron-county-wi,wi,0.96
55053,jackson-county-wi,wi,0.89
55055,jefferson-county-wi,wi,0.91
55057,juneau-county-wi,wi,0.9
55059,kenosha-county-wi,wi,0.9
55061,kewaunee-county-wi,wi,0.95
55063,la-crosse-county-wi,wi,0.93
55065,lafayette-county-wi,wi,0.95
55067,langlade-county-wi,wi,0.89
55069,lincoln-county-wi,wi,0.94
55071,manitowoc-county-wi,wi,0.91
55073,marathon-county-wi,wi,0.94
55075,marinette-county-wi,wi,0.92
55077,marquette-county-wi,wi,0.85
55078,menominee-county-wi,wi,0.78
55079,milwaukee-county-wi,wi,0.77
55081,monroe-county-wi,wi,0.95
55083,oconto-county-wi,wi,0.92
55085,oneida-county-wi,wi,0.91
55087,outagamie-county-wi,wi,0.91
55089,ozaukee-county-wi,wi,0.96
55091,pepin-county-wi,wi,0.98
55093,pierce-county-wi,wi,0.96
55095,polk-county-wi,wi,0.94
55097,portage-county-wi,wi,0.91
55099,price-county-wi,wi,0.92
55101,racine-county-wi,wi,0.83
55103,richland-county-wi,wi,0.91
55105,rock-county-wi,wi,0.94
55107,rusk-county-wi,wi,0.88
55109,st.-croix-county-wi,wi,0.91
55111,sauk-county-wi,wi,0.88
55113,sawyer-county-wi,wi,0.91
55115,shawano-county-wi,wi,0.94
55117,sheboygan-county-wi,wi,0.93
55119,taylor-county-wi,wi,0.92
55121,trempealeau-county-wi,wi,0.95
55123,vernon-county-wi,wi,0.96
55125,vilas-county-wi,wi,0.97
55127,walworth-county-wi,wi,0.93
55129,washburn-county-wi,wi,0.91
55131,washington-county-wi,wi,0.93
55133,waukesha-county-wi,wi,0.94
55135,waupaca-county-wi,wi,0.89
55137,waushara-county-wi,wi,0.9
55139,winnebago-county-wi,wi,0.91
55141,wood-county-wi,wi,0.92
56001,albany-county-wy,wy,0.82
56003,big-horn-county-wy,wy,0.69
56005,campbell-county-wy,wy,0.83
56007,carbon-county-wy,wy,0.82
56009,converse-county-wy,wy,0.84
56011,crook-county-wy,wy,0.87
56013,fremont-county-wy,wy,0.75
56015,goshen-county-wy,wy,0.87
56017,hot-springs-county-wy,wy,0.8
56019,johnson-county-wy,wy,0.88
56021,laramie-county-wy,wy,0.8
56023,lincoln-county-wy,wy,0.89
56025,natrona-county-wy,wy,0.78
56027,niobrara-county-wy,wy,0.57
56029,park-county-wy,wy,0.9
56031,platte-county-wy,wy,0.92
56033,sheridan-county-wy,wy,0.89
56035,sublette-county-wy,wy,0.94
56037,sweetwater-county-wy,wy,0.81
56039,teton-county-wy,wy,0.88
56041,uinta-county-wy,wy,0.85
56043,washakie-county-wy,wy,0.85
56045,weston-county-wy,wy,0.9